source_file	href	candidate_paths
about.html	/	/index.html|/tmp/opencode/worldtime|/tmp/opencode/worldtime/.html
api.html	/	/index.html|/tmp/opencode/worldtime|/tmp/opencode/worldtime/.html
blog/30-minute-time-zone-offsets-de.html	/	/index.html|/tmp/opencode/worldtime|/tmp/opencode/worldtime/.html
blog/30-minute-time-zone-offsets-es.html	/	/index.html|/tmp/opencode/worldtime|/tmp/opencode/worldtime/.html
blog/30-minute-time-zone-offsets-fr.html	/	/index.html|/tmp/opencode/worldtime|/tmp/opencode/worldtime/.html
blog/30-minute-time-zone-offsets-it-de.html	/	/index.html|/tmp/opencode/worldtime|/tmp/opencode/worldtime/.html
blog/30-minute-time-zone-offsets-it-es.html	/	/index.html|/tmp/opencode/worldtime|/tmp/opencode/worldtime/.html
blog/30-minute-time-zone-offsets-it-fr.html	/	/index.html|/tmp/opencode/worldtime|/tmp/opencode/worldtime/.html
blog/30-minute-time-zone-offsets-it-ja.html	/	/index.html|/tmp/opencode/worldtime|/tmp/opencode/worldtime/.html
blog/30-minute-time-zone-offsets-it-ru.html	/	/index.html|/tmp/opencode/worldtime|/tmp/opencode/worldtime/.html
blog/30-minute-time-zone-offsets-it-uk.html	/	/index.html|/tmp/opencode/worldtime|/tmp/opencode/worldtime/.html
blog/30-minute-time-zone-offsets-it-zh.html	/	/index.html|/tmp/opencode/worldtime|/tmp/opencode/worldtime/.html
blog/30-minute-time-zone-offsets-it.html	/	/index.html|/tmp/opencode/worldtime|/tmp/opencode/worldtime/.html
blog/30-minute-time-zone-offsets-ja.html	/	/index.html|/tmp/opencode/worldtime|/tmp/opencode/worldtime/.html
blog/30-minute-time-zone-offsets-ru.html	/	/index.html|/tmp/opencode/worldtime|/tmp/opencode/worldtime/.html
blog/30-minute-time-zone-offsets-uk.html	/	/index.html|/tmp/opencode/worldtime|/tmp/opencode/worldtime/.html
blog/30-minute-time-zone-offsets-zh.html	/	/index.html|/tmp/opencode/worldtime|/tmp/opencode/worldtime/.html
blog/30-minute-time-zone-offsets.html	/	/index.html|/tmp/opencode/worldtime|/tmp/opencode/worldtime/.html
blog/5-places-that-have-never-used-daylight-saving-time-de.html	/	/index.html|/tmp/opencode/worldtime|/tmp/opencode/worldtime/.html
blog/5-places-that-have-never-used-daylight-saving-time-es.html	/	/index.html|/tmp/opencode/worldtime|/tmp/opencode/worldtime/.html
blog/5-places-that-have-never-used-daylight-saving-time-fr.html	/	/index.html|/tmp/opencode/worldtime|/tmp/opencode/worldtime/.html
blog/5-places-that-have-never-used-daylight-saving-time-it-de.html	/	/index.html|/tmp/opencode/worldtime|/tmp/opencode/worldtime/.html
blog/5-places-that-have-never-used-daylight-saving-time-it-es.html	/	/index.html|/tmp/opencode/worldtime|/tmp/opencode/worldtime/.html
blog/5-places-that-have-never-used-daylight-saving-time-it-fr.html	/	/index.html|/tmp/opencode/worldtime|/tmp/opencode/worldtime/.html
blog/5-places-that-have-never-used-daylight-saving-time-it-ja.html	/	/index.html|/tmp/opencode/worldtime|/tmp/opencode/worldtime/.html
blog/5-places-that-have-never-used-daylight-saving-time-it-ru.html	/	/index.html|/tmp/opencode/worldtime|/tmp/opencode/worldtime/.html
blog/5-places-that-have-never-used-daylight-saving-time-it-uk.html	/	/index.html|/tmp/opencode/worldtime|/tmp/opencode/worldtime/.html
blog/5-places-that-have-never-used-daylight-saving-time-it-zh.html	/	/index.html|/tmp/opencode/worldtime|/tmp/opencode/worldtime/.html
blog/5-places-that-have-never-used-daylight-saving-time-it.html	/	/index.html|/tmp/opencode/worldtime|/tmp/opencode/worldtime/.html
blog/5-places-that-have-never-used-daylight-saving-time-ja.html	/	/index.html|/tmp/opencode/worldtime|/tmp/opencode/worldtime/.html
blog/5-places-that-have-never-used-daylight-saving-time-ru.html	/	/index.html|/tmp/opencode/worldtime|/tmp/opencode/worldtime/.html
blog/5-places-that-have-never-used-daylight-saving-time-uk.html	/	/index.html|/tmp/opencode/worldtime|/tmp/opencode/worldtime/.html
blog/5-places-that-have-never-used-daylight-saving-time-zh.html	/	/index.html|/tmp/opencode/worldtime|/tmp/opencode/worldtime/.html
blog/5-places-that-have-never-used-daylight-saving-time.html	/	/index.html|/tmp/opencode/worldtime|/tmp/opencode/worldtime/.html
blog/add-world-clock-wordpress-de.html	/	/index.html|/tmp/opencode/worldtime|/tmp/opencode/worldtime/.html
blog/add-world-clock-wordpress-es.html	/	/index.html|/tmp/opencode/worldtime|/tmp/opencode/worldtime/.html
blog/add-world-clock-wordpress-fr.html	/	/index.html|/tmp/opencode/worldtime|/tmp/opencode/worldtime/.html
blog/add-world-clock-wordpress-it-de.html	/	/index.html|/tmp/opencode/worldtime|/tmp/opencode/worldtime/.html
blog/add-world-clock-wordpress-it-es.html	/	/index.html|/tmp/opencode/worldtime|/tmp/opencode/worldtime/.html
blog/add-world-clock-wordpress-it-fr.html	/	/index.html|/tmp/opencode/worldtime|/tmp/opencode/worldtime/.html
blog/add-world-clock-wordpress-it-ja.html	/	/index.html|/tmp/opencode/worldtime|/tmp/opencode/worldtime/.html
blog/add-world-clock-wordpress-it-ru.html	/	/index.html|/tmp/opencode/worldtime|/tmp/opencode/worldtime/.html
blog/add-world-clock-wordpress-it-uk.html	/	/index.html|/tmp/opencode/worldtime|/tmp/opencode/worldtime/.html
blog/add-world-clock-wordpress-it-zh.html	/	/index.html|/tmp/opencode/worldtime|/tmp/opencode/worldtime/.html
blog/add-world-clock-wordpress-it.html	/	/index.html|/tmp/opencode/worldtime|/tmp/opencode/worldtime/.html
blog/add-world-clock-wordpress-ja.html	/	/index.html|/tmp/opencode/worldtime|/tmp/opencode/worldtime/.html
blog/add-world-clock-wordpress-ru.html	/	/index.html|/tmp/opencode/worldtime|/tmp/opencode/worldtime/.html
blog/add-world-clock-wordpress-uk.html	/	/index.html|/tmp/opencode/worldtime|/tmp/opencode/worldtime/.html
blog/add-world-clock-wordpress-zh.html	/	/index.html|/tmp/opencode/worldtime|/tmp/opencode/worldtime/.html
blog/add-world-clock-wordpress.html	/	/index.html|/tmp/opencode/worldtime|/tmp/opencode/worldtime/.html
blog/async-communication-distributed-teams-de.html	/	/index.html|/tmp/opencode/worldtime|/tmp/opencode/worldtime/.html
blog/async-communication-distributed-teams-es.html	/	/index.html|/tmp/opencode/worldtime|/tmp/opencode/worldtime/.html
blog/async-communication-distributed-teams-fr.html	/	/index.html|/tmp/opencode/worldtime|/tmp/opencode/worldtime/.html
blog/async-communication-distributed-teams-it-de.html	/	/index.html|/tmp/opencode/worldtime|/tmp/opencode/worldtime/.html
blog/async-communication-distributed-teams-it-es.html	/	/index.html|/tmp/opencode/worldtime|/tmp/opencode/worldtime/.html
blog/async-communication-distributed-teams-it-fr.html	/	/index.html|/tmp/opencode/worldtime|/tmp/opencode/worldtime/.html
blog/async-communication-distributed-teams-it-ja.html	/	/index.html|/tmp/opencode/worldtime|/tmp/opencode/worldtime/.html
blog/async-communication-distributed-teams-it-ru.html	/	/index.html|/tmp/opencode/worldtime|/tmp/opencode/worldtime/.html
blog/async-communication-distributed-teams-it-uk.html	/	/index.html|/tmp/opencode/worldtime|/tmp/opencode/worldtime/.html
blog/async-communication-distributed-teams-it-zh.html	/	/index.html|/tmp/opencode/worldtime|/tmp/opencode/worldtime/.html
blog/async-communication-distributed-teams-it.html	/	/index.html|/tmp/opencode/worldtime|/tmp/opencode/worldtime/.html
blog/async-communication-distributed-teams-ja.html	/	/index.html|/tmp/opencode/worldtime|/tmp/opencode/worldtime/.html
blog/async-communication-distributed-teams-ru.html	/	/index.html|/tmp/opencode/worldtime|/tmp/opencode/worldtime/.html
blog/async-communication-distributed-teams-uk.html	/	/index.html|/tmp/opencode/worldtime|/tmp/opencode/worldtime/.html
blog/async-communication-distributed-teams-zh.html	/	/index.html|/tmp/opencode/worldtime|/tmp/opencode/worldtime/.html
blog/async-communication-distributed-teams.html	/	/index.html|/tmp/opencode/worldtime|/tmp/opencode/worldtime/.html
blog/best-meeting-time-global-teams-de.html	/	/index.html|/tmp/opencode/worldtime|/tmp/opencode/worldtime/.html
blog/best-meeting-time-global-teams-es.html	/	/index.html|/tmp/opencode/worldtime|/tmp/opencode/worldtime/.html
blog/best-meeting-time-global-teams-fr.html	/	/index.html|/tmp/opencode/worldtime|/tmp/opencode/worldtime/.html
blog/best-meeting-time-global-teams-ja.html	/	/index.html|/tmp/opencode/worldtime|/tmp/opencode/worldtime/.html
blog/best-meeting-time-global-teams-ru.html	/	/index.html|/tmp/opencode/worldtime|/tmp/opencode/worldtime/.html
blog/best-meeting-time-global-teams-uk.html	/	/index.html|/tmp/opencode/worldtime|/tmp/opencode/worldtime/.html
blog/best-meeting-time-global-teams-zh.html	/	/index.html|/tmp/opencode/worldtime|/tmp/opencode/worldtime/.html
blog/best-meeting-time-global-teams.html	/	/index.html|/tmp/opencode/worldtime|/tmp/opencode/worldtime/.html
blog/best-meeting-times-remote-teams-de.html	/	/index.html|/tmp/opencode/worldtime|/tmp/opencode/worldtime/.html
blog/best-meeting-times-remote-teams-es.html	/	/index.html|/tmp/opencode/worldtime|/tmp/opencode/worldtime/.html
blog/best-meeting-times-remote-teams-fr.html	/	/index.html|/tmp/opencode/worldtime|/tmp/opencode/worldtime/.html
blog/best-meeting-times-remote-teams-it-de.html	/	/index.html|/tmp/opencode/worldtime|/tmp/opencode/worldtime/.html
blog/best-meeting-times-remote-teams-it-es.html	/	/index.html|/tmp/opencode/worldtime|/tmp/opencode/worldtime/.html
blog/best-meeting-times-remote-teams-it-fr.html	/	/index.html|/tmp/opencode/worldtime|/tmp/opencode/worldtime/.html
blog/best-meeting-times-remote-teams-it-ja.html	/	/index.html|/tmp/opencode/worldtime|/tmp/opencode/worldtime/.html
blog/best-meeting-times-remote-teams-it-ru.html	/	/index.html|/tmp/opencode/worldtime|/tmp/opencode/worldtime/.html
blog/best-meeting-times-remote-teams-it-uk.html	/	/index.html|/tmp/opencode/worldtime|/tmp/opencode/worldtime/.html
blog/best-meeting-times-remote-teams-it-zh.html	/	/index.html|/tmp/opencode/worldtime|/tmp/opencode/worldtime/.html
blog/best-meeting-times-remote-teams-it.html	/	/index.html|/tmp/opencode/worldtime|/tmp/opencode/worldtime/.html
blog/best-meeting-times-remote-teams-ja.html	/	/index.html|/tmp/opencode/worldtime|/tmp/opencode/worldtime/.html
blog/best-meeting-times-remote-teams-ru.html	/	/index.html|/tmp/opencode/worldtime|/tmp/opencode/worldtime/.html
blog/best-meeting-times-remote-teams-uk.html	/	/index.html|/tmp/opencode/worldtime|/tmp/opencode/worldtime/.html
blog/best-meeting-times-remote-teams-zh.html	/	/index.html|/tmp/opencode/worldtime|/tmp/opencode/worldtime/.html
blog/best-meeting-times-remote-teams.html	/	/index.html|/tmp/opencode/worldtime|/tmp/opencode/worldtime/.html
blog/best-time-to-call-australia-de.html	/	/index.html|/tmp/opencode/worldtime|/tmp/opencode/worldtime/.html
blog/best-time-to-call-australia-es.html	/	/index.html|/tmp/opencode/worldtime|/tmp/opencode/worldtime/.html
blog/best-time-to-call-australia-fr.html	/	/index.html|/tmp/opencode/worldtime|/tmp/opencode/worldtime/.html
blog/best-time-to-call-australia-it-de.html	/	/index.html|/tmp/opencode/worldtime|/tmp/opencode/worldtime/.html
blog/best-time-to-call-australia-it-es.html	/	/index.html|/tmp/opencode/worldtime|/tmp/opencode/worldtime/.html
blog/best-time-to-call-australia-it-fr.html	/	/index.html|/tmp/opencode/worldtime|/tmp/opencode/worldtime/.html
blog/best-time-to-call-australia-it-ja.html	/	/index.html|/tmp/opencode/worldtime|/tmp/opencode/worldtime/.html
blog/best-time-to-call-australia-it-ru.html	/	/index.html|/tmp/opencode/worldtime|/tmp/opencode/worldtime/.html
blog/best-time-to-call-australia-it-uk.html	/	/index.html|/tmp/opencode/worldtime|/tmp/opencode/worldtime/.html
blog/best-time-to-call-australia-it-zh.html	/	/index.html|/tmp/opencode/worldtime|/tmp/opencode/worldtime/.html
blog/best-time-to-call-australia-it.html	/	/index.html|/tmp/opencode/worldtime|/tmp/opencode/worldtime/.html
blog/best-time-to-call-australia-ja.html	/	/index.html|/tmp/opencode/worldtime|/tmp/opencode/worldtime/.html
blog/best-time-to-call-australia-ru.html	/	/index.html|/tmp/opencode/worldtime|/tmp/opencode/worldtime/.html
blog/best-time-to-call-australia-uk.html	/	/index.html|/tmp/opencode/worldtime|/tmp/opencode/worldtime/.html
blog/best-time-to-call-australia-zh.html	/	/index.html|/tmp/opencode/worldtime|/tmp/opencode/worldtime/.html
blog/best-time-to-call-australia.html	/	/index.html|/tmp/opencode/worldtime|/tmp/opencode/worldtime/.html
blog/best-time-to-call-brazil-de.html	/	/index.html|/tmp/opencode/worldtime|/tmp/opencode/worldtime/.html
blog/best-time-to-call-brazil-de.html	/time/belo-horizonte	/tmp/opencode/worldtime/time/belo-horizonte/index.html|/tmp/opencode/worldtime/time/belo-horizonte|/tmp/opencode/worldtime/time/belo-horizonte.html
blog/best-time-to-call-brazil-de.html	/time/brasilia	/tmp/opencode/worldtime/time/brasilia/index.html|/tmp/opencode/worldtime/time/brasilia|/tmp/opencode/worldtime/time/brasilia.html
blog/best-time-to-call-brazil-de.html	/time/salvador	/tmp/opencode/worldtime/time/salvador/index.html|/tmp/opencode/worldtime/time/salvador|/tmp/opencode/worldtime/time/salvador.html
blog/best-time-to-call-brazil-de.html	/time/sao-paulo	/tmp/opencode/worldtime/time/sao-paulo/index.html|/tmp/opencode/worldtime/time/sao-paulo|/tmp/opencode/worldtime/time/sao-paulo.html
blog/best-time-to-call-brazil-es.html	/	/index.html|/tmp/opencode/worldtime|/tmp/opencode/worldtime/.html
blog/best-time-to-call-brazil-es.html	/time/belo-horizonte	/tmp/opencode/worldtime/time/belo-horizonte/index.html|/tmp/opencode/worldtime/time/belo-horizonte|/tmp/opencode/worldtime/time/belo-horizonte.html
blog/best-time-to-call-brazil-es.html	/time/brasilia	/tmp/opencode/worldtime/time/brasilia/index.html|/tmp/opencode/worldtime/time/brasilia|/tmp/opencode/worldtime/time/brasilia.html
blog/best-time-to-call-brazil-es.html	/time/salvador	/tmp/opencode/worldtime/time/salvador/index.html|/tmp/opencode/worldtime/time/salvador|/tmp/opencode/worldtime/time/salvador.html
blog/best-time-to-call-brazil-es.html	/time/sao-paulo	/tmp/opencode/worldtime/time/sao-paulo/index.html|/tmp/opencode/worldtime/time/sao-paulo|/tmp/opencode/worldtime/time/sao-paulo.html
blog/best-time-to-call-brazil-fr.html	/	/index.html|/tmp/opencode/worldtime|/tmp/opencode/worldtime/.html
blog/best-time-to-call-brazil-fr.html	/time/belo-horizonte	/tmp/opencode/worldtime/time/belo-horizonte/index.html|/tmp/opencode/worldtime/time/belo-horizonte|/tmp/opencode/worldtime/time/belo-horizonte.html
blog/best-time-to-call-brazil-fr.html	/time/brasilia	/tmp/opencode/worldtime/time/brasilia/index.html|/tmp/opencode/worldtime/time/brasilia|/tmp/opencode/worldtime/time/brasilia.html
blog/best-time-to-call-brazil-fr.html	/time/salvador	/tmp/opencode/worldtime/time/salvador/index.html|/tmp/opencode/worldtime/time/salvador|/tmp/opencode/worldtime/time/salvador.html
blog/best-time-to-call-brazil-fr.html	/time/sao-paulo	/tmp/opencode/worldtime/time/sao-paulo/index.html|/tmp/opencode/worldtime/time/sao-paulo|/tmp/opencode/worldtime/time/sao-paulo.html
blog/best-time-to-call-brazil-it-de.html	/	/index.html|/tmp/opencode/worldtime|/tmp/opencode/worldtime/.html
blog/best-time-to-call-brazil-it-de.html	/time/belo-horizonte	/tmp/opencode/worldtime/time/belo-horizonte/index.html|/tmp/opencode/worldtime/time/belo-horizonte|/tmp/opencode/worldtime/time/belo-horizonte.html
blog/best-time-to-call-brazil-it-de.html	/time/brasilia	/tmp/opencode/worldtime/time/brasilia/index.html|/tmp/opencode/worldtime/time/brasilia|/tmp/opencode/worldtime/time/brasilia.html
blog/best-time-to-call-brazil-it-de.html	/time/salvador	/tmp/opencode/worldtime/time/salvador/index.html|/tmp/opencode/worldtime/time/salvador|/tmp/opencode/worldtime/time/salvador.html
blog/best-time-to-call-brazil-it-de.html	/time/sao-paulo	/tmp/opencode/worldtime/time/sao-paulo/index.html|/tmp/opencode/worldtime/time/sao-paulo|/tmp/opencode/worldtime/time/sao-paulo.html
blog/best-time-to-call-brazil-it-es.html	/	/index.html|/tmp/opencode/worldtime|/tmp/opencode/worldtime/.html
blog/best-time-to-call-brazil-it-es.html	/time/belo-horizonte	/tmp/opencode/worldtime/time/belo-horizonte/index.html|/tmp/opencode/worldtime/time/belo-horizonte|/tmp/opencode/worldtime/time/belo-horizonte.html
blog/best-time-to-call-brazil-it-es.html	/time/brasilia	/tmp/opencode/worldtime/time/brasilia/index.html|/tmp/opencode/worldtime/time/brasilia|/tmp/opencode/worldtime/time/brasilia.html
blog/best-time-to-call-brazil-it-es.html	/time/salvador	/tmp/opencode/worldtime/time/salvador/index.html|/tmp/opencode/worldtime/time/salvador|/tmp/opencode/worldtime/time/salvador.html
blog/best-time-to-call-brazil-it-es.html	/time/sao-paulo	/tmp/opencode/worldtime/time/sao-paulo/index.html|/tmp/opencode/worldtime/time/sao-paulo|/tmp/opencode/worldtime/time/sao-paulo.html
blog/best-time-to-call-brazil-it-fr.html	/	/index.html|/tmp/opencode/worldtime|/tmp/opencode/worldtime/.html
blog/best-time-to-call-brazil-it-fr.html	/time/belo-horizonte	/tmp/opencode/worldtime/time/belo-horizonte/index.html|/tmp/opencode/worldtime/time/belo-horizonte|/tmp/opencode/worldtime/time/belo-horizonte.html
blog/best-time-to-call-brazil-it-fr.html	/time/brasilia	/tmp/opencode/worldtime/time/brasilia/index.html|/tmp/opencode/worldtime/time/brasilia|/tmp/opencode/worldtime/time/brasilia.html
blog/best-time-to-call-brazil-it-fr.html	/time/salvador	/tmp/opencode/worldtime/time/salvador/index.html|/tmp/opencode/worldtime/time/salvador|/tmp/opencode/worldtime/time/salvador.html
blog/best-time-to-call-brazil-it-fr.html	/time/sao-paulo	/tmp/opencode/worldtime/time/sao-paulo/index.html|/tmp/opencode/worldtime/time/sao-paulo|/tmp/opencode/worldtime/time/sao-paulo.html
blog/best-time-to-call-brazil-it-ja.html	/	/index.html|/tmp/opencode/worldtime|/tmp/opencode/worldtime/.html
blog/best-time-to-call-brazil-it-ja.html	/time/belo-horizonte	/tmp/opencode/worldtime/time/belo-horizonte/index.html|/tmp/opencode/worldtime/time/belo-horizonte|/tmp/opencode/worldtime/time/belo-horizonte.html
blog/best-time-to-call-brazil-it-ja.html	/time/brasilia	/tmp/opencode/worldtime/time/brasilia/index.html|/tmp/opencode/worldtime/time/brasilia|/tmp/opencode/worldtime/time/brasilia.html
blog/best-time-to-call-brazil-it-ja.html	/time/salvador	/tmp/opencode/worldtime/time/salvador/index.html|/tmp/opencode/worldtime/time/salvador|/tmp/opencode/worldtime/time/salvador.html
blog/best-time-to-call-brazil-it-ja.html	/time/sao-paulo	/tmp/opencode/worldtime/time/sao-paulo/index.html|/tmp/opencode/worldtime/time/sao-paulo|/tmp/opencode/worldtime/time/sao-paulo.html
blog/best-time-to-call-brazil-it-ru.html	/	/index.html|/tmp/opencode/worldtime|/tmp/opencode/worldtime/.html
blog/best-time-to-call-brazil-it-ru.html	/time/belo-horizonte	/tmp/opencode/worldtime/time/belo-horizonte/index.html|/tmp/opencode/worldtime/time/belo-horizonte|/tmp/opencode/worldtime/time/belo-horizonte.html
blog/best-time-to-call-brazil-it-ru.html	/time/brasilia	/tmp/opencode/worldtime/time/brasilia/index.html|/tmp/opencode/worldtime/time/brasilia|/tmp/opencode/worldtime/time/brasilia.html
blog/best-time-to-call-brazil-it-ru.html	/time/salvador	/tmp/opencode/worldtime/time/salvador/index.html|/tmp/opencode/worldtime/time/salvador|/tmp/opencode/worldtime/time/salvador.html
blog/best-time-to-call-brazil-it-ru.html	/time/sao-paulo	/tmp/opencode/worldtime/time/sao-paulo/index.html|/tmp/opencode/worldtime/time/sao-paulo|/tmp/opencode/worldtime/time/sao-paulo.html
blog/best-time-to-call-brazil-it-uk.html	/	/index.html|/tmp/opencode/worldtime|/tmp/opencode/worldtime/.html
blog/best-time-to-call-brazil-it-uk.html	/time/belo-horizonte	/tmp/opencode/worldtime/time/belo-horizonte/index.html|/tmp/opencode/worldtime/time/belo-horizonte|/tmp/opencode/worldtime/time/belo-horizonte.html
blog/best-time-to-call-brazil-it-uk.html	/time/brasilia	/tmp/opencode/worldtime/time/brasilia/index.html|/tmp/opencode/worldtime/time/brasilia|/tmp/opencode/worldtime/time/brasilia.html
blog/best-time-to-call-brazil-it-uk.html	/time/salvador	/tmp/opencode/worldtime/time/salvador/index.html|/tmp/opencode/worldtime/time/salvador|/tmp/opencode/worldtime/time/salvador.html
blog/best-time-to-call-brazil-it-uk.html	/time/sao-paulo	/tmp/opencode/worldtime/time/sao-paulo/index.html|/tmp/opencode/worldtime/time/sao-paulo|/tmp/opencode/worldtime/time/sao-paulo.html
blog/best-time-to-call-brazil-it-zh.html	/	/index.html|/tmp/opencode/worldtime|/tmp/opencode/worldtime/.html
blog/best-time-to-call-brazil-it-zh.html	/time/belo-horizonte	/tmp/opencode/worldtime/time/belo-horizonte/index.html|/tmp/opencode/worldtime/time/belo-horizonte|/tmp/opencode/worldtime/time/belo-horizonte.html
blog/best-time-to-call-brazil-it-zh.html	/time/brasilia	/tmp/opencode/worldtime/time/brasilia/index.html|/tmp/opencode/worldtime/time/brasilia|/tmp/opencode/worldtime/time/brasilia.html
blog/best-time-to-call-brazil-it-zh.html	/time/salvador	/tmp/opencode/worldtime/time/salvador/index.html|/tmp/opencode/worldtime/time/salvador|/tmp/opencode/worldtime/time/salvador.html
blog/best-time-to-call-brazil-it-zh.html	/time/sao-paulo	/tmp/opencode/worldtime/time/sao-paulo/index.html|/tmp/opencode/worldtime/time/sao-paulo|/tmp/opencode/worldtime/time/sao-paulo.html
blog/best-time-to-call-brazil-it.html	/	/index.html|/tmp/opencode/worldtime|/tmp/opencode/worldtime/.html
blog/best-time-to-call-brazil-it.html	/time/belo-horizonte	/tmp/opencode/worldtime/time/belo-horizonte/index.html|/tmp/opencode/worldtime/time/belo-horizonte|/tmp/opencode/worldtime/time/belo-horizonte.html
blog/best-time-to-call-brazil-it.html	/time/brasilia	/tmp/opencode/worldtime/time/brasilia/index.html|/tmp/opencode/worldtime/time/brasilia|/tmp/opencode/worldtime/time/brasilia.html
blog/best-time-to-call-brazil-it.html	/time/salvador	/tmp/opencode/worldtime/time/salvador/index.html|/tmp/opencode/worldtime/time/salvador|/tmp/opencode/worldtime/time/salvador.html
blog/best-time-to-call-brazil-it.html	/time/sao-paulo	/tmp/opencode/worldtime/time/sao-paulo/index.html|/tmp/opencode/worldtime/time/sao-paulo|/tmp/opencode/worldtime/time/sao-paulo.html
blog/best-time-to-call-brazil-ja.html	/	/index.html|/tmp/opencode/worldtime|/tmp/opencode/worldtime/.html
blog/best-time-to-call-brazil-ja.html	/time/belo-horizonte	/tmp/opencode/worldtime/time/belo-horizonte/index.html|/tmp/opencode/worldtime/time/belo-horizonte|/tmp/opencode/worldtime/time/belo-horizonte.html
blog/best-time-to-call-brazil-ja.html	/time/brasilia	/tmp/opencode/worldtime/time/brasilia/index.html|/tmp/opencode/worldtime/time/brasilia|/tmp/opencode/worldtime/time/brasilia.html
blog/best-time-to-call-brazil-ja.html	/time/salvador	/tmp/opencode/worldtime/time/salvador/index.html|/tmp/opencode/worldtime/time/salvador|/tmp/opencode/worldtime/time/salvador.html
blog/best-time-to-call-brazil-ja.html	/time/sao-paulo	/tmp/opencode/worldtime/time/sao-paulo/index.html|/tmp/opencode/worldtime/time/sao-paulo|/tmp/opencode/worldtime/time/sao-paulo.html
blog/best-time-to-call-brazil-ru.html	/	/index.html|/tmp/opencode/worldtime|/tmp/opencode/worldtime/.html
blog/best-time-to-call-brazil-ru.html	/time/belo-horizonte	/tmp/opencode/worldtime/time/belo-horizonte/index.html|/tmp/opencode/worldtime/time/belo-horizonte|/tmp/opencode/worldtime/time/belo-horizonte.html
blog/best-time-to-call-brazil-ru.html	/time/brasilia	/tmp/opencode/worldtime/time/brasilia/index.html|/tmp/opencode/worldtime/time/brasilia|/tmp/opencode/worldtime/time/brasilia.html
blog/best-time-to-call-brazil-ru.html	/time/salvador	/tmp/opencode/worldtime/time/salvador/index.html|/tmp/opencode/worldtime/time/salvador|/tmp/opencode/worldtime/time/salvador.html
blog/best-time-to-call-brazil-ru.html	/time/sao-paulo	/tmp/opencode/worldtime/time/sao-paulo/index.html|/tmp/opencode/worldtime/time/sao-paulo|/tmp/opencode/worldtime/time/sao-paulo.html
blog/best-time-to-call-brazil-uk.html	/	/index.html|/tmp/opencode/worldtime|/tmp/opencode/worldtime/.html
blog/best-time-to-call-brazil-uk.html	/time/belo-horizonte	/tmp/opencode/worldtime/time/belo-horizonte/index.html|/tmp/opencode/worldtime/time/belo-horizonte|/tmp/opencode/worldtime/time/belo-horizonte.html
blog/best-time-to-call-brazil-uk.html	/time/brasilia	/tmp/opencode/worldtime/time/brasilia/index.html|/tmp/opencode/worldtime/time/brasilia|/tmp/opencode/worldtime/time/brasilia.html
blog/best-time-to-call-brazil-uk.html	/time/salvador	/tmp/opencode/worldtime/time/salvador/index.html|/tmp/opencode/worldtime/time/salvador|/tmp/opencode/worldtime/time/salvador.html
blog/best-time-to-call-brazil-uk.html	/time/sao-paulo	/tmp/opencode/worldtime/time/sao-paulo/index.html|/tmp/opencode/worldtime/time/sao-paulo|/tmp/opencode/worldtime/time/sao-paulo.html
blog/best-time-to-call-brazil-zh.html	/	/index.html|/tmp/opencode/worldtime|/tmp/opencode/worldtime/.html
blog/best-time-to-call-brazil-zh.html	/time/belo-horizonte	/tmp/opencode/worldtime/time/belo-horizonte/index.html|/tmp/opencode/worldtime/time/belo-horizonte|/tmp/opencode/worldtime/time/belo-horizonte.html
blog/best-time-to-call-brazil-zh.html	/time/brasilia	/tmp/opencode/worldtime/time/brasilia/index.html|/tmp/opencode/worldtime/time/brasilia|/tmp/opencode/worldtime/time/brasilia.html
blog/best-time-to-call-brazil-zh.html	/time/salvador	/tmp/opencode/worldtime/time/salvador/index.html|/tmp/opencode/worldtime/time/salvador|/tmp/opencode/worldtime/time/salvador.html
blog/best-time-to-call-brazil-zh.html	/time/sao-paulo	/tmp/opencode/worldtime/time/sao-paulo/index.html|/tmp/opencode/worldtime/time/sao-paulo|/tmp/opencode/worldtime/time/sao-paulo.html
blog/best-time-to-call-brazil.html	/	/index.html|/tmp/opencode/worldtime|/tmp/opencode/worldtime/.html
blog/best-time-to-call-brazil.html	/time/belo-horizonte	/tmp/opencode/worldtime/time/belo-horizonte/index.html|/tmp/opencode/worldtime/time/belo-horizonte|/tmp/opencode/worldtime/time/belo-horizonte.html
blog/best-time-to-call-brazil.html	/time/brasilia	/tmp/opencode/worldtime/time/brasilia/index.html|/tmp/opencode/worldtime/time/brasilia|/tmp/opencode/worldtime/time/brasilia.html
blog/best-time-to-call-brazil.html	/time/salvador	/tmp/opencode/worldtime/time/salvador/index.html|/tmp/opencode/worldtime/time/salvador|/tmp/opencode/worldtime/time/salvador.html
blog/best-time-to-call-brazil.html	/time/sao-paulo	/tmp/opencode/worldtime/time/sao-paulo/index.html|/tmp/opencode/worldtime/time/sao-paulo|/tmp/opencode/worldtime/time/sao-paulo.html
blog/best-time-to-call-canada-de.html	/	/index.html|/tmp/opencode/worldtime|/tmp/opencode/worldtime/.html
blog/best-time-to-call-canada-es.html	/	/index.html|/tmp/opencode/worldtime|/tmp/opencode/worldtime/.html
blog/best-time-to-call-canada-fr.html	/	/index.html|/tmp/opencode/worldtime|/tmp/opencode/worldtime/.html
blog/best-time-to-call-canada-it-de.html	/	/index.html|/tmp/opencode/worldtime|/tmp/opencode/worldtime/.html
blog/best-time-to-call-canada-it-es.html	/	/index.html|/tmp/opencode/worldtime|/tmp/opencode/worldtime/.html
blog/best-time-to-call-canada-it-fr.html	/	/index.html|/tmp/opencode/worldtime|/tmp/opencode/worldtime/.html
blog/best-time-to-call-canada-it-ja.html	/	/index.html|/tmp/opencode/worldtime|/tmp/opencode/worldtime/.html
blog/best-time-to-call-canada-it-ru.html	/	/index.html|/tmp/opencode/worldtime|/tmp/opencode/worldtime/.html
blog/best-time-to-call-canada-it-uk.html	/	/index.html|/tmp/opencode/worldtime|/tmp/opencode/worldtime/.html
blog/best-time-to-call-canada-it-zh.html	/	/index.html|/tmp/opencode/worldtime|/tmp/opencode/worldtime/.html
blog/best-time-to-call-canada-it.html	/	/index.html|/tmp/opencode/worldtime|/tmp/opencode/worldtime/.html
blog/best-time-to-call-canada-ja.html	/	/index.html|/tmp/opencode/worldtime|/tmp/opencode/worldtime/.html
blog/best-time-to-call-canada-ru.html	/	/index.html|/tmp/opencode/worldtime|/tmp/opencode/worldtime/.html
blog/best-time-to-call-canada-uk.html	/	/index.html|/tmp/opencode/worldtime|/tmp/opencode/worldtime/.html
blog/best-time-to-call-canada-zh.html	/	/index.html|/tmp/opencode/worldtime|/tmp/opencode/worldtime/.html
blog/best-time-to-call-canada.html	/	/index.html|/tmp/opencode/worldtime|/tmp/opencode/worldtime/.html
blog/best-time-to-call-china-de.html	/	/index.html|/tmp/opencode/worldtime|/tmp/opencode/worldtime/.html
blog/best-time-to-call-china-de.html	/time/xian	/tmp/opencode/worldtime/time/xian/index.html|/tmp/opencode/worldtime/time/xian|/tmp/opencode/worldtime/time/xian.html
blog/best-time-to-call-china-es.html	/	/index.html|/tmp/opencode/worldtime|/tmp/opencode/worldtime/.html
blog/best-time-to-call-china-es.html	/time/xian	/tmp/opencode/worldtime/time/xian/index.html|/tmp/opencode/worldtime/time/xian|/tmp/opencode/worldtime/time/xian.html
blog/best-time-to-call-china-fr.html	/	/index.html|/tmp/opencode/worldtime|/tmp/opencode/worldtime/.html
blog/best-time-to-call-china-fr.html	/time/xian	/tmp/opencode/worldtime/time/xian/index.html|/tmp/opencode/worldtime/time/xian|/tmp/opencode/worldtime/time/xian.html
blog/best-time-to-call-china-it-de.html	/	/index.html|/tmp/opencode/worldtime|/tmp/opencode/worldtime/.html
blog/best-time-to-call-china-it-de.html	/time/xian	/tmp/opencode/worldtime/time/xian/index.html|/tmp/opencode/worldtime/time/xian|/tmp/opencode/worldtime/time/xian.html
blog/best-time-to-call-china-it-es.html	/	/index.html|/tmp/opencode/worldtime|/tmp/opencode/worldtime/.html
blog/best-time-to-call-china-it-es.html	/time/xian	/tmp/opencode/worldtime/time/xian/index.html|/tmp/opencode/worldtime/time/xian|/tmp/opencode/worldtime/time/xian.html
blog/best-time-to-call-china-it-fr.html	/	/index.html|/tmp/opencode/worldtime|/tmp/opencode/worldtime/.html
blog/best-time-to-call-china-it-fr.html	/time/xian	/tmp/opencode/worldtime/time/xian/index.html|/tmp/opencode/worldtime/time/xian|/tmp/opencode/worldtime/time/xian.html
blog/best-time-to-call-china-it-ja.html	/	/index.html|/tmp/opencode/worldtime|/tmp/opencode/worldtime/.html
blog/best-time-to-call-china-it-ja.html	/time/xian	/tmp/opencode/worldtime/time/xian/index.html|/tmp/opencode/worldtime/time/xian|/tmp/opencode/worldtime/time/xian.html
blog/best-time-to-call-china-it-ru.html	/	/index.html|/tmp/opencode/worldtime|/tmp/opencode/worldtime/.html
blog/best-time-to-call-china-it-ru.html	/time/xian	/tmp/opencode/worldtime/time/xian/index.html|/tmp/opencode/worldtime/time/xian|/tmp/opencode/worldtime/time/xian.html
blog/best-time-to-call-china-it-uk.html	/	/index.html|/tmp/opencode/worldtime|/tmp/opencode/worldtime/.html
blog/best-time-to-call-china-it-uk.html	/time/xian	/tmp/opencode/worldtime/time/xian/index.html|/tmp/opencode/worldtime/time/xian|/tmp/opencode/worldtime/time/xian.html
blog/best-time-to-call-china-it-zh.html	/	/index.html|/tmp/opencode/worldtime|/tmp/opencode/worldtime/.html
blog/best-time-to-call-china-it-zh.html	/time/xian	/tmp/opencode/worldtime/time/xian/index.html|/tmp/opencode/worldtime/time/xian|/tmp/opencode/worldtime/time/xian.html
blog/best-time-to-call-china-it.html	/	/index.html|/tmp/opencode/worldtime|/tmp/opencode/worldtime/.html
blog/best-time-to-call-china-it.html	/time/xian	/tmp/opencode/worldtime/time/xian/index.html|/tmp/opencode/worldtime/time/xian|/tmp/opencode/worldtime/time/xian.html
blog/best-time-to-call-china-ja.html	/	/index.html|/tmp/opencode/worldtime|/tmp/opencode/worldtime/.html
blog/best-time-to-call-china-ja.html	/time/xian	/tmp/opencode/worldtime/time/xian/index.html|/tmp/opencode/worldtime/time/xian|/tmp/opencode/worldtime/time/xian.html
blog/best-time-to-call-china-ru.html	/	/index.html|/tmp/opencode/worldtime|/tmp/opencode/worldtime/.html
blog/best-time-to-call-china-ru.html	/time/xian	/tmp/opencode/worldtime/time/xian/index.html|/tmp/opencode/worldtime/time/xian|/tmp/opencode/worldtime/time/xian.html
blog/best-time-to-call-china-uk.html	/	/index.html|/tmp/opencode/worldtime|/tmp/opencode/worldtime/.html
blog/best-time-to-call-china-uk.html	/time/xian	/tmp/opencode/worldtime/time/xian/index.html|/tmp/opencode/worldtime/time/xian|/tmp/opencode/worldtime/time/xian.html
blog/best-time-to-call-china-zh.html	/	/index.html|/tmp/opencode/worldtime|/tmp/opencode/worldtime/.html
blog/best-time-to-call-china-zh.html	/time/xian	/tmp/opencode/worldtime/time/xian/index.html|/tmp/opencode/worldtime/time/xian|/tmp/opencode/worldtime/time/xian.html
blog/best-time-to-call-china.html	/	/index.html|/tmp/opencode/worldtime|/tmp/opencode/worldtime/.html
blog/best-time-to-call-china.html	/time/xian	/tmp/opencode/worldtime/time/xian/index.html|/tmp/opencode/worldtime/time/xian|/tmp/opencode/worldtime/time/xian.html
blog/best-time-to-call-germany-de.html	/	/index.html|/tmp/opencode/worldtime|/tmp/opencode/worldtime/.html
blog/best-time-to-call-germany-es.html	/	/index.html|/tmp/opencode/worldtime|/tmp/opencode/worldtime/.html
blog/best-time-to-call-germany-fr.html	/	/index.html|/tmp/opencode/worldtime|/tmp/opencode/worldtime/.html
blog/best-time-to-call-germany-it-de.html	/	/index.html|/tmp/opencode/worldtime|/tmp/opencode/worldtime/.html
blog/best-time-to-call-germany-it-es.html	/	/index.html|/tmp/opencode/worldtime|/tmp/opencode/worldtime/.html
blog/best-time-to-call-germany-it-fr.html	/	/index.html|/tmp/opencode/worldtime|/tmp/opencode/worldtime/.html
blog/best-time-to-call-germany-it-ja.html	/	/index.html|/tmp/opencode/worldtime|/tmp/opencode/worldtime/.html
blog/best-time-to-call-germany-it-ru.html	/	/index.html|/tmp/opencode/worldtime|/tmp/opencode/worldtime/.html
blog/best-time-to-call-germany-it-uk.html	/	/index.html|/tmp/opencode/worldtime|/tmp/opencode/worldtime/.html
blog/best-time-to-call-germany-it-zh.html	/	/index.html|/tmp/opencode/worldtime|/tmp/opencode/worldtime/.html
blog/best-time-to-call-germany-it.html	/	/index.html|/tmp/opencode/worldtime|/tmp/opencode/worldtime/.html
blog/best-time-to-call-germany-ja.html	/	/index.html|/tmp/opencode/worldtime|/tmp/opencode/worldtime/.html
blog/best-time-to-call-germany-ru.html	/	/index.html|/tmp/opencode/worldtime|/tmp/opencode/worldtime/.html
blog/best-time-to-call-germany-uk.html	/	/index.html|/tmp/opencode/worldtime|/tmp/opencode/worldtime/.html
blog/best-time-to-call-germany-zh.html	/	/index.html|/tmp/opencode/worldtime|/tmp/opencode/worldtime/.html
blog/best-time-to-call-germany.html	/	/index.html|/tmp/opencode/worldtime|/tmp/opencode/worldtime/.html
blog/best-time-to-call-india-de.html	/	/index.html|/tmp/opencode/worldtime|/tmp/opencode/worldtime/.html
blog/best-time-to-call-india-de.html	/time/delhi	/tmp/opencode/worldtime/time/delhi/index.html|/tmp/opencode/worldtime/time/delhi|/tmp/opencode/worldtime/time/delhi.html
blog/best-time-to-call-india-es.html	/	/index.html|/tmp/opencode/worldtime|/tmp/opencode/worldtime/.html
blog/best-time-to-call-india-es.html	/time/delhi	/tmp/opencode/worldtime/time/delhi/index.html|/tmp/opencode/worldtime/time/delhi|/tmp/opencode/worldtime/time/delhi.html
blog/best-time-to-call-india-fr.html	/	/index.html|/tmp/opencode/worldtime|/tmp/opencode/worldtime/.html
blog/best-time-to-call-india-fr.html	/time/delhi	/tmp/opencode/worldtime/time/delhi/index.html|/tmp/opencode/worldtime/time/delhi|/tmp/opencode/worldtime/time/delhi.html
blog/best-time-to-call-india-it-de.html	/	/index.html|/tmp/opencode/worldtime|/tmp/opencode/worldtime/.html
blog/best-time-to-call-india-it-de.html	/time/delhi	/tmp/opencode/worldtime/time/delhi/index.html|/tmp/opencode/worldtime/time/delhi|/tmp/opencode/worldtime/time/delhi.html
blog/best-time-to-call-india-it-es.html	/	/index.html|/tmp/opencode/worldtime|/tmp/opencode/worldtime/.html
blog/best-time-to-call-india-it-es.html	/time/delhi	/tmp/opencode/worldtime/time/delhi/index.html|/tmp/opencode/worldtime/time/delhi|/tmp/opencode/worldtime/time/delhi.html
blog/best-time-to-call-india-it-fr.html	/	/index.html|/tmp/opencode/worldtime|/tmp/opencode/worldtime/.html
blog/best-time-to-call-india-it-fr.html	/time/delhi	/tmp/opencode/worldtime/time/delhi/index.html|/tmp/opencode/worldtime/time/delhi|/tmp/opencode/worldtime/time/delhi.html
blog/best-time-to-call-india-it-ja.html	/	/index.html|/tmp/opencode/worldtime|/tmp/opencode/worldtime/.html
blog/best-time-to-call-india-it-ja.html	/time/delhi	/tmp/opencode/worldtime/time/delhi/index.html|/tmp/opencode/worldtime/time/delhi|/tmp/opencode/worldtime/time/delhi.html
blog/best-time-to-call-india-it-ru.html	/	/index.html|/tmp/opencode/worldtime|/tmp/opencode/worldtime/.html
blog/best-time-to-call-india-it-ru.html	/time/delhi	/tmp/opencode/worldtime/time/delhi/index.html|/tmp/opencode/worldtime/time/delhi|/tmp/opencode/worldtime/time/delhi.html
blog/best-time-to-call-india-it-uk.html	/	/index.html|/tmp/opencode/worldtime|/tmp/opencode/worldtime/.html
blog/best-time-to-call-india-it-uk.html	/time/delhi	/tmp/opencode/worldtime/time/delhi/index.html|/tmp/opencode/worldtime/time/delhi|/tmp/opencode/worldtime/time/delhi.html
blog/best-time-to-call-india-it-zh.html	/	/index.html|/tmp/opencode/worldtime|/tmp/opencode/worldtime/.html
blog/best-time-to-call-india-it-zh.html	/time/delhi	/tmp/opencode/worldtime/time/delhi/index.html|/tmp/opencode/worldtime/time/delhi|/tmp/opencode/worldtime/time/delhi.html
blog/best-time-to-call-india-it.html	/	/index.html|/tmp/opencode/worldtime|/tmp/opencode/worldtime/.html
blog/best-time-to-call-india-it.html	/time/delhi	/tmp/opencode/worldtime/time/delhi/index.html|/tmp/opencode/worldtime/time/delhi|/tmp/opencode/worldtime/time/delhi.html
blog/best-time-to-call-india-ja.html	/	/index.html|/tmp/opencode/worldtime|/tmp/opencode/worldtime/.html
blog/best-time-to-call-india-ja.html	/time/delhi	/tmp/opencode/worldtime/time/delhi/index.html|/tmp/opencode/worldtime/time/delhi|/tmp/opencode/worldtime/time/delhi.html
blog/best-time-to-call-india-ru.html	/	/index.html|/tmp/opencode/worldtime|/tmp/opencode/worldtime/.html
blog/best-time-to-call-india-ru.html	/time/delhi	/tmp/opencode/worldtime/time/delhi/index.html|/tmp/opencode/worldtime/time/delhi|/tmp/opencode/worldtime/time/delhi.html
blog/best-time-to-call-india-uk.html	/	/index.html|/tmp/opencode/worldtime|/tmp/opencode/worldtime/.html
blog/best-time-to-call-india-uk.html	/time/delhi	/tmp/opencode/worldtime/time/delhi/index.html|/tmp/opencode/worldtime/time/delhi|/tmp/opencode/worldtime/time/delhi.html
blog/best-time-to-call-india-zh.html	/	/index.html|/tmp/opencode/worldtime|/tmp/opencode/worldtime/.html
blog/best-time-to-call-india-zh.html	/time/delhi	/tmp/opencode/worldtime/time/delhi/index.html|/tmp/opencode/worldtime/time/delhi|/tmp/opencode/worldtime/time/delhi.html
blog/best-time-to-call-india.html	/	/index.html|/tmp/opencode/worldtime|/tmp/opencode/worldtime/.html
blog/best-time-to-call-india.html	/time/delhi	/tmp/opencode/worldtime/time/delhi/index.html|/tmp/opencode/worldtime/time/delhi|/tmp/opencode/worldtime/time/delhi.html
blog/best-time-to-call-internationally-de.html	/	/index.html|/tmp/opencode/worldtime|/tmp/opencode/worldtime/.html
blog/best-time-to-call-internationally-es.html	/	/index.html|/tmp/opencode/worldtime|/tmp/opencode/worldtime/.html
blog/best-time-to-call-internationally-fr.html	/	/index.html|/tmp/opencode/worldtime|/tmp/opencode/worldtime/.html
blog/best-time-to-call-internationally-it-de.html	/	/index.html|/tmp/opencode/worldtime|/tmp/opencode/worldtime/.html
blog/best-time-to-call-internationally-it-es.html	/	/index.html|/tmp/opencode/worldtime|/tmp/opencode/worldtime/.html
blog/best-time-to-call-internationally-it-fr.html	/	/index.html|/tmp/opencode/worldtime|/tmp/opencode/worldtime/.html
blog/best-time-to-call-internationally-it-ja.html	/	/index.html|/tmp/opencode/worldtime|/tmp/opencode/worldtime/.html
blog/best-time-to-call-internationally-it-ru.html	/	/index.html|/tmp/opencode/worldtime|/tmp/opencode/worldtime/.html
blog/best-time-to-call-internationally-it-uk.html	/	/index.html|/tmp/opencode/worldtime|/tmp/opencode/worldtime/.html
blog/best-time-to-call-internationally-it-zh.html	/	/index.html|/tmp/opencode/worldtime|/tmp/opencode/worldtime/.html
blog/best-time-to-call-internationally-it.html	/	/index.html|/tmp/opencode/worldtime|/tmp/opencode/worldtime/.html
blog/best-time-to-call-internationally-ja.html	/	/index.html|/tmp/opencode/worldtime|/tmp/opencode/worldtime/.html
blog/best-time-to-call-internationally-ru.html	/	/index.html|/tmp/opencode/worldtime|/tmp/opencode/worldtime/.html
blog/best-time-to-call-internationally-uk.html	/	/index.html|/tmp/opencode/worldtime|/tmp/opencode/worldtime/.html
blog/best-time-to-call-internationally-zh.html	/	/index.html|/tmp/opencode/worldtime|/tmp/opencode/worldtime/.html
blog/best-time-to-call-internationally.html	/	/index.html|/tmp/opencode/worldtime|/tmp/opencode/worldtime/.html
blog/best-time-to-call-japan-de.html	/	/index.html|/tmp/opencode/worldtime|/tmp/opencode/worldtime/.html
blog/best-time-to-call-japan-es.html	/	/index.html|/tmp/opencode/worldtime|/tmp/opencode/worldtime/.html
blog/best-time-to-call-japan-fr.html	/	/index.html|/tmp/opencode/worldtime|/tmp/opencode/worldtime/.html
blog/best-time-to-call-japan-it-de.html	/	/index.html|/tmp/opencode/worldtime|/tmp/opencode/worldtime/.html
blog/best-time-to-call-japan-it-es.html	/	/index.html|/tmp/opencode/worldtime|/tmp/opencode/worldtime/.html
blog/best-time-to-call-japan-it-fr.html	/	/index.html|/tmp/opencode/worldtime|/tmp/opencode/worldtime/.html
blog/best-time-to-call-japan-it-ja.html	/	/index.html|/tmp/opencode/worldtime|/tmp/opencode/worldtime/.html
blog/best-time-to-call-japan-it-ru.html	/	/index.html|/tmp/opencode/worldtime|/tmp/opencode/worldtime/.html
blog/best-time-to-call-japan-it-uk.html	/	/index.html|/tmp/opencode/worldtime|/tmp/opencode/worldtime/.html
blog/best-time-to-call-japan-it-zh.html	/	/index.html|/tmp/opencode/worldtime|/tmp/opencode/worldtime/.html
blog/best-time-to-call-japan-it.html	/	/index.html|/tmp/opencode/worldtime|/tmp/opencode/worldtime/.html
blog/best-time-to-call-japan-ja.html	/	/index.html|/tmp/opencode/worldtime|/tmp/opencode/worldtime/.html
blog/best-time-to-call-japan-ru.html	/	/index.html|/tmp/opencode/worldtime|/tmp/opencode/worldtime/.html
blog/best-time-to-call-japan-uk.html	/	/index.html|/tmp/opencode/worldtime|/tmp/opencode/worldtime/.html
blog/best-time-to-call-japan-zh.html	/	/index.html|/tmp/opencode/worldtime|/tmp/opencode/worldtime/.html
blog/best-time-to-call-japan.html	/	/index.html|/tmp/opencode/worldtime|/tmp/opencode/worldtime/.html
blog/best-time-to-call-uae-de.html	/	/index.html|/tmp/opencode/worldtime|/tmp/opencode/worldtime/.html
blog/best-time-to-call-uae-es.html	/	/index.html|/tmp/opencode/worldtime|/tmp/opencode/worldtime/.html
blog/best-time-to-call-uae-fr.html	/	/index.html|/tmp/opencode/worldtime|/tmp/opencode/worldtime/.html
blog/best-time-to-call-uae-it-de.html	/	/index.html|/tmp/opencode/worldtime|/tmp/opencode/worldtime/.html
blog/best-time-to-call-uae-it-es.html	/	/index.html|/tmp/opencode/worldtime|/tmp/opencode/worldtime/.html
blog/best-time-to-call-uae-it-fr.html	/	/index.html|/tmp/opencode/worldtime|/tmp/opencode/worldtime/.html
blog/best-time-to-call-uae-it-ja.html	/	/index.html|/tmp/opencode/worldtime|/tmp/opencode/worldtime/.html
blog/best-time-to-call-uae-it-ru.html	/	/index.html|/tmp/opencode/worldtime|/tmp/opencode/worldtime/.html
blog/best-time-to-call-uae-it-uk.html	/	/index.html|/tmp/opencode/worldtime|/tmp/opencode/worldtime/.html
blog/best-time-to-call-uae-it-zh.html	/	/index.html|/tmp/opencode/worldtime|/tmp/opencode/worldtime/.html
blog/best-time-to-call-uae-it.html	/	/index.html|/tmp/opencode/worldtime|/tmp/opencode/worldtime/.html
blog/best-time-to-call-uae-ja.html	/	/index.html|/tmp/opencode/worldtime|/tmp/opencode/worldtime/.html
blog/best-time-to-call-uae-ru.html	/	/index.html|/tmp/opencode/worldtime|/tmp/opencode/worldtime/.html
blog/best-time-to-call-uae-uk.html	/	/index.html|/tmp/opencode/worldtime|/tmp/opencode/worldtime/.html
blog/best-time-to-call-uae-zh.html	/	/index.html|/tmp/opencode/worldtime|/tmp/opencode/worldtime/.html
blog/best-time-to-call-uae.html	/	/index.html|/tmp/opencode/worldtime|/tmp/opencode/worldtime/.html
blog/best-time-to-call-uk.html	/	/index.html|/tmp/opencode/worldtime|/tmp/opencode/worldtime/.html
blog/best-time-to-call-usa-de.html	/	/index.html|/tmp/opencode/worldtime|/tmp/opencode/worldtime/.html
blog/best-time-to-call-usa-es.html	/	/index.html|/tmp/opencode/worldtime|/tmp/opencode/worldtime/.html
blog/best-time-to-call-usa-fr.html	/	/index.html|/tmp/opencode/worldtime|/tmp/opencode/worldtime/.html
blog/best-time-to-call-usa-from-europe-de.html	/	/index.html|/tmp/opencode/worldtime|/tmp/opencode/worldtime/.html
blog/best-time-to-call-usa-from-europe-es.html	/	/index.html|/tmp/opencode/worldtime|/tmp/opencode/worldtime/.html
blog/best-time-to-call-usa-from-europe-fr.html	/	/index.html|/tmp/opencode/worldtime|/tmp/opencode/worldtime/.html
blog/best-time-to-call-usa-from-europe-it.html	/	/index.html|/tmp/opencode/worldtime|/tmp/opencode/worldtime/.html
blog/best-time-to-call-usa-from-europe-ja.html	/	/index.html|/tmp/opencode/worldtime|/tmp/opencode/worldtime/.html
blog/best-time-to-call-usa-from-europe-ru.html	/	/index.html|/tmp/opencode/worldtime|/tmp/opencode/worldtime/.html
blog/best-time-to-call-usa-from-europe-uk.html	/	/index.html|/tmp/opencode/worldtime|/tmp/opencode/worldtime/.html
blog/best-time-to-call-usa-from-europe-zh.html	/	/index.html|/tmp/opencode/worldtime|/tmp/opencode/worldtime/.html
blog/best-time-to-call-usa-from-europe.html	/	/index.html|/tmp/opencode/worldtime|/tmp/opencode/worldtime/.html
blog/best-time-to-call-usa-it.html	/	/index.html|/tmp/opencode/worldtime|/tmp/opencode/worldtime/.html
blog/best-time-to-call-usa-ja.html	/	/index.html|/tmp/opencode/worldtime|/tmp/opencode/worldtime/.html
blog/best-time-to-call-usa-ru.html	/	/index.html|/tmp/opencode/worldtime|/tmp/opencode/worldtime/.html
blog/best-time-to-call-usa-uk.html	/	/index.html|/tmp/opencode/worldtime|/tmp/opencode/worldtime/.html
blog/best-time-to-call-usa-zh.html	/	/index.html|/tmp/opencode/worldtime|/tmp/opencode/worldtime/.html
blog/best-time-to-call-usa.html	/	/index.html|/tmp/opencode/worldtime|/tmp/opencode/worldtime/.html
blog/best-time-to-schedule-meeting-across-time-zones-de.html	/	/index.html|/tmp/opencode/worldtime|/tmp/opencode/worldtime/.html
blog/best-time-to-schedule-meeting-across-time-zones-es.html	/	/index.html|/tmp/opencode/worldtime|/tmp/opencode/worldtime/.html
blog/best-time-to-schedule-meeting-across-time-zones-fr.html	/	/index.html|/tmp/opencode/worldtime|/tmp/opencode/worldtime/.html
blog/best-time-to-schedule-meeting-across-time-zones-it.html	/	/index.html|/tmp/opencode/worldtime|/tmp/opencode/worldtime/.html
blog/best-time-to-schedule-meeting-across-time-zones-ja.html	/	/index.html|/tmp/opencode/worldtime|/tmp/opencode/worldtime/.html
blog/best-time-to-schedule-meeting-across-time-zones-ru.html	/	/index.html|/tmp/opencode/worldtime|/tmp/opencode/worldtime/.html
blog/best-time-to-schedule-meeting-across-time-zones-uk.html	/	/index.html|/tmp/opencode/worldtime|/tmp/opencode/worldtime/.html
blog/best-time-to-schedule-meeting-across-time-zones-zh.html	/	/index.html|/tmp/opencode/worldtime|/tmp/opencode/worldtime/.html
blog/best-time-to-schedule-meeting-across-time-zones.html	/	/index.html|/tmp/opencode/worldtime|/tmp/opencode/worldtime/.html
blog/biggest-time-zones-utc-minus-12-to-plus-14-de.html	/	/index.html|/tmp/opencode/worldtime|/tmp/opencode/worldtime/.html
blog/biggest-time-zones-utc-minus-12-to-plus-14-es.html	/	/index.html|/tmp/opencode/worldtime|/tmp/opencode/worldtime/.html
blog/biggest-time-zones-utc-minus-12-to-plus-14-fr.html	/	/index.html|/tmp/opencode/worldtime|/tmp/opencode/worldtime/.html
blog/biggest-time-zones-utc-minus-12-to-plus-14-it.html	/	/index.html|/tmp/opencode/worldtime|/tmp/opencode/worldtime/.html
blog/biggest-time-zones-utc-minus-12-to-plus-14-ja.html	/	/index.html|/tmp/opencode/worldtime|/tmp/opencode/worldtime/.html
blog/biggest-time-zones-utc-minus-12-to-plus-14-ru.html	/	/index.html|/tmp/opencode/worldtime|/tmp/opencode/worldtime/.html
blog/biggest-time-zones-utc-minus-12-to-plus-14-uk.html	/	/index.html|/tmp/opencode/worldtime|/tmp/opencode/worldtime/.html
blog/biggest-time-zones-utc-minus-12-to-plus-14-zh.html	/	/index.html|/tmp/opencode/worldtime|/tmp/opencode/worldtime/.html
blog/biggest-time-zones-utc-minus-12-to-plus-14.html	/	/index.html|/tmp/opencode/worldtime|/tmp/opencode/worldtime/.html
blog/broadcast-tv-scheduling-time-zones-de.html	/	/index.html|/tmp/opencode/worldtime|/tmp/opencode/worldtime/.html
blog/broadcast-tv-scheduling-time-zones-es.html	/	/index.html|/tmp/opencode/worldtime|/tmp/opencode/worldtime/.html
blog/broadcast-tv-scheduling-time-zones-fr.html	/	/index.html|/tmp/opencode/worldtime|/tmp/opencode/worldtime/.html
blog/broadcast-tv-scheduling-time-zones-it.html	/	/index.html|/tmp/opencode/worldtime|/tmp/opencode/worldtime/.html
blog/broadcast-tv-scheduling-time-zones-ja.html	/	/index.html|/tmp/opencode/worldtime|/tmp/opencode/worldtime/.html
blog/broadcast-tv-scheduling-time-zones-ru.html	/	/index.html|/tmp/opencode/worldtime|/tmp/opencode/worldtime/.html
blog/broadcast-tv-scheduling-time-zones-uk.html	/	/index.html|/tmp/opencode/worldtime|/tmp/opencode/worldtime/.html
blog/broadcast-tv-scheduling-time-zones-zh.html	/	/index.html|/tmp/opencode/worldtime|/tmp/opencode/worldtime/.html
blog/broadcast-tv-scheduling-time-zones.html	/	/index.html|/tmp/opencode/worldtime|/tmp/opencode/worldtime/.html
blog/china-one-time-zone-reality-de.html	/	/index.html|/tmp/opencode/worldtime|/tmp/opencode/worldtime/.html
blog/china-one-time-zone-reality-de.html	/blog/half-hour-quarter-hour-time-zones-explained	/tmp/opencode/worldtime/blog/half-hour-quarter-hour-time-zones-explained/index.html|/tmp/opencode/worldtime/blog/half-hour-quarter-hour-time-zones-explained|/tmp/opencode/worldtime/blog/half-hour-quarter-hour-time-zones-explained.html
blog/china-one-time-zone-reality-es.html	/	/index.html|/tmp/opencode/worldtime|/tmp/opencode/worldtime/.html
blog/china-one-time-zone-reality-es.html	/blog/half-hour-quarter-hour-time-zones-explained	/tmp/opencode/worldtime/blog/half-hour-quarter-hour-time-zones-explained/index.html|/tmp/opencode/worldtime/blog/half-hour-quarter-hour-time-zones-explained|/tmp/opencode/worldtime/blog/half-hour-quarter-hour-time-zones-explained.html
blog/china-one-time-zone-reality-fr.html	/	/index.html|/tmp/opencode/worldtime|/tmp/opencode/worldtime/.html
blog/china-one-time-zone-reality-fr.html	/blog/half-hour-quarter-hour-time-zones-explained	/tmp/opencode/worldtime/blog/half-hour-quarter-hour-time-zones-explained/index.html|/tmp/opencode/worldtime/blog/half-hour-quarter-hour-time-zones-explained|/tmp/opencode/worldtime/blog/half-hour-quarter-hour-time-zones-explained.html
blog/china-one-time-zone-reality-ja.html	/	/index.html|/tmp/opencode/worldtime|/tmp/opencode/worldtime/.html
blog/china-one-time-zone-reality-ja.html	/blog/half-hour-quarter-hour-time-zones-explained	/tmp/opencode/worldtime/blog/half-hour-quarter-hour-time-zones-explained/index.html|/tmp/opencode/worldtime/blog/half-hour-quarter-hour-time-zones-explained|/tmp/opencode/worldtime/blog/half-hour-quarter-hour-time-zones-explained.html
blog/china-one-time-zone-reality-ru.html	/	/index.html|/tmp/opencode/worldtime|/tmp/opencode/worldtime/.html
blog/china-one-time-zone-reality-ru.html	/blog/half-hour-quarter-hour-time-zones-explained	/tmp/opencode/worldtime/blog/half-hour-quarter-hour-time-zones-explained/index.html|/tmp/opencode/worldtime/blog/half-hour-quarter-hour-time-zones-explained|/tmp/opencode/worldtime/blog/half-hour-quarter-hour-time-zones-explained.html
blog/china-one-time-zone-reality-uk.html	/	/index.html|/tmp/opencode/worldtime|/tmp/opencode/worldtime/.html
blog/china-one-time-zone-reality-uk.html	/blog/half-hour-quarter-hour-time-zones-explained	/tmp/opencode/worldtime/blog/half-hour-quarter-hour-time-zones-explained/index.html|/tmp/opencode/worldtime/blog/half-hour-quarter-hour-time-zones-explained|/tmp/opencode/worldtime/blog/half-hour-quarter-hour-time-zones-explained.html
blog/china-one-time-zone-reality-zh.html	/	/index.html|/tmp/opencode/worldtime|/tmp/opencode/worldtime/.html
blog/china-one-time-zone-reality-zh.html	/blog/half-hour-quarter-hour-time-zones-explained	/tmp/opencode/worldtime/blog/half-hour-quarter-hour-time-zones-explained/index.html|/tmp/opencode/worldtime/blog/half-hour-quarter-hour-time-zones-explained|/tmp/opencode/worldtime/blog/half-hour-quarter-hour-time-zones-explained.html
blog/china-one-time-zone-reality.html	/	/index.html|/tmp/opencode/worldtime|/tmp/opencode/worldtime/.html
blog/china-one-time-zone-reality.html	/blog/half-hour-quarter-hour-time-zones-explained	/tmp/opencode/worldtime/blog/half-hour-quarter-hour-time-zones-explained/index.html|/tmp/opencode/worldtime/blog/half-hour-quarter-hour-time-zones-explained|/tmp/opencode/worldtime/blog/half-hour-quarter-hour-time-zones-explained.html
blog/china-single-time-zone-one-country-many-suns-de.html	/	/index.html|/tmp/opencode/worldtime|/tmp/opencode/worldtime/.html
blog/china-single-time-zone-one-country-many-suns-es.html	/	/index.html|/tmp/opencode/worldtime|/tmp/opencode/worldtime/.html
blog/china-single-time-zone-one-country-many-suns-fr.html	/	/index.html|/tmp/opencode/worldtime|/tmp/opencode/worldtime/.html
blog/china-single-time-zone-one-country-many-suns-ja.html	/	/index.html|/tmp/opencode/worldtime|/tmp/opencode/worldtime/.html
blog/china-single-time-zone-one-country-many-suns-ru.html	/	/index.html|/tmp/opencode/worldtime|/tmp/opencode/worldtime/.html
blog/china-single-time-zone-one-country-many-suns-uk.html	/	/index.html|/tmp/opencode/worldtime|/tmp/opencode/worldtime/.html
blog/china-single-time-zone-one-country-many-suns-zh.html	/	/index.html|/tmp/opencode/worldtime|/tmp/opencode/worldtime/.html
blog/china-single-time-zone-one-country-many-suns.html	/	/index.html|/tmp/opencode/worldtime|/tmp/opencode/worldtime/.html
blog/china-single-time-zone-problem-de.html	/	/index.html|/tmp/opencode/worldtime|/tmp/opencode/worldtime/.html
blog/china-single-time-zone-problem-es.html	/	/index.html|/tmp/opencode/worldtime|/tmp/opencode/worldtime/.html
blog/china-single-time-zone-problem-fr.html	/	/index.html|/tmp/opencode/worldtime|/tmp/opencode/worldtime/.html
blog/china-single-time-zone-problem-ja.html	/	/index.html|/tmp/opencode/worldtime|/tmp/opencode/worldtime/.html
blog/china-single-time-zone-problem-ru.html	/	/index.html|/tmp/opencode/worldtime|/tmp/opencode/worldtime/.html
blog/china-single-time-zone-problem-uk.html	/	/index.html|/tmp/opencode/worldtime|/tmp/opencode/worldtime/.html
blog/china-single-time-zone-problem-zh.html	/	/index.html|/tmp/opencode/worldtime|/tmp/opencode/worldtime/.html
blog/china-single-time-zone-problem.html	/	/index.html|/tmp/opencode/worldtime|/tmp/opencode/worldtime/.html
blog/common-time-zone-abbreviations-cheat-sheet-de.html	/	/index.html|/tmp/opencode/worldtime|/tmp/opencode/worldtime/.html
blog/common-time-zone-abbreviations-cheat-sheet-es.html	/	/index.html|/tmp/opencode/worldtime|/tmp/opencode/worldtime/.html
blog/common-time-zone-abbreviations-cheat-sheet-fr.html	/	/index.html|/tmp/opencode/worldtime|/tmp/opencode/worldtime/.html
blog/common-time-zone-abbreviations-cheat-sheet-ja.html	/	/index.html|/tmp/opencode/worldtime|/tmp/opencode/worldtime/.html
blog/common-time-zone-abbreviations-cheat-sheet-ru.html	/	/index.html|/tmp/opencode/worldtime|/tmp/opencode/worldtime/.html
blog/common-time-zone-abbreviations-cheat-sheet-uk.html	/	/index.html|/tmp/opencode/worldtime|/tmp/opencode/worldtime/.html
blog/common-time-zone-abbreviations-cheat-sheet-zh.html	/	/index.html|/tmp/opencode/worldtime|/tmp/opencode/worldtime/.html
blog/common-time-zone-abbreviations-cheat-sheet.html	/	/index.html|/tmp/opencode/worldtime|/tmp/opencode/worldtime/.html
blog/convert-cet-to-est-de.html	/	/index.html|/tmp/opencode/worldtime|/tmp/opencode/worldtime/.html
blog/convert-cet-to-est-es.html	/	/index.html|/tmp/opencode/worldtime|/tmp/opencode/worldtime/.html
blog/convert-cet-to-est-fr.html	/	/index.html|/tmp/opencode/worldtime|/tmp/opencode/worldtime/.html
blog/convert-cet-to-est-ja.html	/	/index.html|/tmp/opencode/worldtime|/tmp/opencode/worldtime/.html
blog/convert-cet-to-est-ru.html	/	/index.html|/tmp/opencode/worldtime|/tmp/opencode/worldtime/.html
blog/convert-cet-to-est-uk.html	/	/index.html|/tmp/opencode/worldtime|/tmp/opencode/worldtime/.html
blog/convert-cet-to-est-zh.html	/	/index.html|/tmp/opencode/worldtime|/tmp/opencode/worldtime/.html
blog/convert-cet-to-est.html	/	/index.html|/tmp/opencode/worldtime|/tmp/opencode/worldtime/.html
blog/convert-cst-to-est-fr.html	/	/index.html|/tmp/opencode/worldtime|/tmp/opencode/worldtime/.html
blog/convert-cst-to-est-ja.html	/	/index.html|/tmp/opencode/worldtime|/tmp/opencode/worldtime/.html
blog/convert-cst-to-est-ru.html	/	/index.html|/tmp/opencode/worldtime|/tmp/opencode/worldtime/.html
blog/convert-cst-to-est-uk.html	/	/index.html|/tmp/opencode/worldtime|/tmp/opencode/worldtime/.html
blog/convert-cst-to-est-zh.html	/	/index.html|/tmp/opencode/worldtime|/tmp/opencode/worldtime/.html
blog/convert-cst-to-est.html	/	/index.html|/tmp/opencode/worldtime|/tmp/opencode/worldtime/.html
blog/convert-est-to-gmt-de.html	/	/index.html|/tmp/opencode/worldtime|/tmp/opencode/worldtime/.html
blog/convert-est-to-gmt-es.html	/	/index.html|/tmp/opencode/worldtime|/tmp/opencode/worldtime/.html
blog/convert-est-to-gmt-fr.html	/	/index.html|/tmp/opencode/worldtime|/tmp/opencode/worldtime/.html
blog/convert-est-to-gmt-ja.html	/	/index.html|/tmp/opencode/worldtime|/tmp/opencode/worldtime/.html
blog/convert-est-to-gmt-ru.html	/	/index.html|/tmp/opencode/worldtime|/tmp/opencode/worldtime/.html
blog/convert-est-to-gmt-uk.html	/	/index.html|/tmp/opencode/worldtime|/tmp/opencode/worldtime/.html
blog/convert-est-to-gmt-zh.html	/	/index.html|/tmp/opencode/worldtime|/tmp/opencode/worldtime/.html
blog/convert-est-to-gmt.html	/	/index.html|/tmp/opencode/worldtime|/tmp/opencode/worldtime/.html
blog/convert-est-to-pst-fr.html	/	/index.html|/tmp/opencode/worldtime|/tmp/opencode/worldtime/.html
blog/convert-est-to-pst-ja.html	/	/index.html|/tmp/opencode/worldtime|/tmp/opencode/worldtime/.html
blog/convert-est-to-pst-ru.html	/	/index.html|/tmp/opencode/worldtime|/tmp/opencode/worldtime/.html
blog/convert-est-to-pst-uk.html	/	/index.html|/tmp/opencode/worldtime|/tmp/opencode/worldtime/.html
blog/convert-est-to-pst-zh.html	/	/index.html|/tmp/opencode/worldtime|/tmp/opencode/worldtime/.html
blog/convert-est-to-pst.html	/	/index.html|/tmp/opencode/worldtime|/tmp/opencode/worldtime/.html
blog/convert-gmt-to-est-fr.html	/	/index.html|/tmp/opencode/worldtime|/tmp/opencode/worldtime/.html
blog/convert-gmt-to-est-ja.html	/	/index.html|/tmp/opencode/worldtime|/tmp/opencode/worldtime/.html
blog/convert-gmt-to-est-ru.html	/	/index.html|/tmp/opencode/worldtime|/tmp/opencode/worldtime/.html
blog/convert-gmt-to-est-uk.html	/	/index.html|/tmp/opencode/worldtime|/tmp/opencode/worldtime/.html
blog/convert-gmt-to-est-zh.html	/	/index.html|/tmp/opencode/worldtime|/tmp/opencode/worldtime/.html
blog/convert-gmt-to-est.html	/	/index.html|/tmp/opencode/worldtime|/tmp/opencode/worldtime/.html
blog/convert-gmt-to-ist-fr.html	/	/index.html|/tmp/opencode/worldtime|/tmp/opencode/worldtime/.html
blog/convert-gmt-to-ist-ja.html	/	/index.html|/tmp/opencode/worldtime|/tmp/opencode/worldtime/.html
blog/convert-gmt-to-ist-ru.html	/	/index.html|/tmp/opencode/worldtime|/tmp/opencode/worldtime/.html
blog/convert-gmt-to-ist-uk.html	/	/index.html|/tmp/opencode/worldtime|/tmp/opencode/worldtime/.html
blog/convert-gmt-to-ist-zh.html	/	/index.html|/tmp/opencode/worldtime|/tmp/opencode/worldtime/.html
blog/convert-gmt-to-ist.html	/	/index.html|/tmp/opencode/worldtime|/tmp/opencode/worldtime/.html
blog/convert-ist-to-est-fr.html	/	/index.html|/tmp/opencode/worldtime|/tmp/opencode/worldtime/.html
blog/convert-ist-to-est-ru.html	/	/index.html|/tmp/opencode/worldtime|/tmp/opencode/worldtime/.html
blog/convert-ist-to-est-uk.html	/	/index.html|/tmp/opencode/worldtime|/tmp/opencode/worldtime/.html
blog/convert-ist-to-est-zh.html	/	/index.html|/tmp/opencode/worldtime|/tmp/opencode/worldtime/.html
blog/convert-ist-to-est.html	/	/index.html|/tmp/opencode/worldtime|/tmp/opencode/worldtime/.html
blog/convert-ist-to-gmt-de.html	/	/index.html|/tmp/opencode/worldtime|/tmp/opencode/worldtime/.html
blog/convert-ist-to-gmt-es.html	/	/index.html|/tmp/opencode/worldtime|/tmp/opencode/worldtime/.html
blog/convert-ist-to-gmt-fr.html	/	/index.html|/tmp/opencode/worldtime|/tmp/opencode/worldtime/.html
blog/convert-ist-to-gmt-ja.html	/	/index.html|/tmp/opencode/worldtime|/tmp/opencode/worldtime/.html
blog/convert-ist-to-gmt-ru.html	/	/index.html|/tmp/opencode/worldtime|/tmp/opencode/worldtime/.html
blog/convert-ist-to-gmt-uk.html	/	/index.html|/tmp/opencode/worldtime|/tmp/opencode/worldtime/.html
blog/convert-ist-to-gmt-zh.html	/	/index.html|/tmp/opencode/worldtime|/tmp/opencode/worldtime/.html
blog/convert-ist-to-gmt.html	/	/index.html|/tmp/opencode/worldtime|/tmp/opencode/worldtime/.html
blog/convert-pst-to-est-fr.html	/	/index.html|/tmp/opencode/worldtime|/tmp/opencode/worldtime/.html
blog/convert-pst-to-est-ru.html	/	/index.html|/tmp/opencode/worldtime|/tmp/opencode/worldtime/.html
blog/convert-pst-to-est-uk.html	/	/index.html|/tmp/opencode/worldtime|/tmp/opencode/worldtime/.html
blog/convert-pst-to-est-zh.html	/	/index.html|/tmp/opencode/worldtime|/tmp/opencode/worldtime/.html
blog/convert-pst-to-est.html	/	/index.html|/tmp/opencode/worldtime|/tmp/opencode/worldtime/.html
blog/convert-pst-to-gmt-de.html	/	/index.html|/tmp/opencode/worldtime|/tmp/opencode/worldtime/.html
blog/convert-pst-to-gmt-es.html	/	/index.html|/tmp/opencode/worldtime|/tmp/opencode/worldtime/.html
blog/convert-pst-to-gmt-fr.html	/	/index.html|/tmp/opencode/worldtime|/tmp/opencode/worldtime/.html
blog/convert-pst-to-gmt-ja.html	/	/index.html|/tmp/opencode/worldtime|/tmp/opencode/worldtime/.html
blog/convert-pst-to-gmt-ru.html	/	/index.html|/tmp/opencode/worldtime|/tmp/opencode/worldtime/.html
blog/convert-pst-to-gmt-uk.html	/	/index.html|/tmp/opencode/worldtime|/tmp/opencode/worldtime/.html
blog/convert-pst-to-gmt-zh.html	/	/index.html|/tmp/opencode/worldtime|/tmp/opencode/worldtime/.html
blog/convert-pst-to-gmt.html	/	/index.html|/tmp/opencode/worldtime|/tmp/opencode/worldtime/.html
blog/convert-utc-to-est-fr.html	/	/index.html|/tmp/opencode/worldtime|/tmp/opencode/worldtime/.html
blog/convert-utc-to-est-ru.html	/	/index.html|/tmp/opencode/worldtime|/tmp/opencode/worldtime/.html
blog/convert-utc-to-est-uk.html	/	/index.html|/tmp/opencode/worldtime|/tmp/opencode/worldtime/.html
blog/convert-utc-to-est-zh.html	/	/index.html|/tmp/opencode/worldtime|/tmp/opencode/worldtime/.html
blog/convert-utc-to-est.html	/	/index.html|/tmp/opencode/worldtime|/tmp/opencode/worldtime/.html
blog/countries-that-changed-time-zones-fr.html	/	/index.html|/tmp/opencode/worldtime|/tmp/opencode/worldtime/.html
blog/countries-that-changed-time-zones-ru.html	/	/index.html|/tmp/opencode/worldtime|/tmp/opencode/worldtime/.html
blog/countries-that-changed-time-zones-uk.html	/	/index.html|/tmp/opencode/worldtime|/tmp/opencode/worldtime/.html
blog/countries-that-changed-time-zones-zh.html	/	/index.html|/tmp/opencode/worldtime|/tmp/opencode/worldtime/.html
blog/countries-that-changed-time-zones.html	/	/index.html|/tmp/opencode/worldtime|/tmp/opencode/worldtime/.html
blog/country-time-zones-by-utc-offset-de.html	/	/index.html|/tmp/opencode/worldtime|/tmp/opencode/worldtime/.html
blog/country-time-zones-by-utc-offset-de.html	/blog/why-russia-has-11-time-zones	/tmp/opencode/worldtime/blog/why-russia-has-11-time-zones/index.html|/tmp/opencode/worldtime/blog/why-russia-has-11-time-zones|/tmp/opencode/worldtime/blog/why-russia-has-11-time-zones.html
blog/country-time-zones-by-utc-offset-es.html	/	/index.html|/tmp/opencode/worldtime|/tmp/opencode/worldtime/.html
blog/country-time-zones-by-utc-offset-es.html	/blog/why-russia-has-11-time-zones	/tmp/opencode/worldtime/blog/why-russia-has-11-time-zones/index.html|/tmp/opencode/worldtime/blog/why-russia-has-11-time-zones|/tmp/opencode/worldtime/blog/why-russia-has-11-time-zones.html
blog/country-time-zones-by-utc-offset-fr.html	/	/index.html|/tmp/opencode/worldtime|/tmp/opencode/worldtime/.html
blog/country-time-zones-by-utc-offset-fr.html	/blog/why-russia-has-11-time-zones	/tmp/opencode/worldtime/blog/why-russia-has-11-time-zones/index.html|/tmp/opencode/worldtime/blog/why-russia-has-11-time-zones|/tmp/opencode/worldtime/blog/why-russia-has-11-time-zones.html
blog/country-time-zones-by-utc-offset-it.html	/	/index.html|/tmp/opencode/worldtime|/tmp/opencode/worldtime/.html
blog/country-time-zones-by-utc-offset-it.html	/blog/why-russia-has-11-time-zones	/tmp/opencode/worldtime/blog/why-russia-has-11-time-zones/index.html|/tmp/opencode/worldtime/blog/why-russia-has-11-time-zones|/tmp/opencode/worldtime/blog/why-russia-has-11-time-zones.html
blog/country-time-zones-by-utc-offset-ja.html	/	/index.html|/tmp/opencode/worldtime|/tmp/opencode/worldtime/.html
blog/country-time-zones-by-utc-offset-ja.html	/blog/why-russia-has-11-time-zones	/tmp/opencode/worldtime/blog/why-russia-has-11-time-zones/index.html|/tmp/opencode/worldtime/blog/why-russia-has-11-time-zones|/tmp/opencode/worldtime/blog/why-russia-has-11-time-zones.html
blog/country-time-zones-by-utc-offset-ru.html	/	/index.html|/tmp/opencode/worldtime|/tmp/opencode/worldtime/.html
blog/country-time-zones-by-utc-offset-ru.html	/blog/why-russia-has-11-time-zones	/tmp/opencode/worldtime/blog/why-russia-has-11-time-zones/index.html|/tmp/opencode/worldtime/blog/why-russia-has-11-time-zones|/tmp/opencode/worldtime/blog/why-russia-has-11-time-zones.html
blog/country-time-zones-by-utc-offset-uk.html	/	/index.html|/tmp/opencode/worldtime|/tmp/opencode/worldtime/.html
blog/country-time-zones-by-utc-offset-uk.html	/blog/why-russia-has-11-time-zones	/tmp/opencode/worldtime/blog/why-russia-has-11-time-zones/index.html|/tmp/opencode/worldtime/blog/why-russia-has-11-time-zones|/tmp/opencode/worldtime/blog/why-russia-has-11-time-zones.html
blog/country-time-zones-by-utc-offset-zh.html	/	/index.html|/tmp/opencode/worldtime|/tmp/opencode/worldtime/.html
blog/country-time-zones-by-utc-offset-zh.html	/blog/why-russia-has-11-time-zones	/tmp/opencode/worldtime/blog/why-russia-has-11-time-zones/index.html|/tmp/opencode/worldtime/blog/why-russia-has-11-time-zones|/tmp/opencode/worldtime/blog/why-russia-has-11-time-zones.html
blog/country-time-zones-by-utc-offset.html	/	/index.html|/tmp/opencode/worldtime|/tmp/opencode/worldtime/.html
blog/country-time-zones-by-utc-offset.html	/blog/why-russia-has-11-time-zones	/tmp/opencode/worldtime/blog/why-russia-has-11-time-zones/index.html|/tmp/opencode/worldtime/blog/why-russia-has-11-time-zones|/tmp/opencode/worldtime/blog/why-russia-has-11-time-zones.html
blog/cross-timezone-meeting-guide.html	/	/index.html|/tmp/opencode/worldtime|/tmp/opencode/worldtime/.html
blog/cruise-ship-time-zone-change-fr.html	/	/index.html|/tmp/opencode/worldtime|/tmp/opencode/worldtime/.html
blog/cruise-ship-time-zone-change-ru.html	/	/index.html|/tmp/opencode/worldtime|/tmp/opencode/worldtime/.html
blog/cruise-ship-time-zone-change-uk.html	/	/index.html|/tmp/opencode/worldtime|/tmp/opencode/worldtime/.html
blog/cruise-ship-time-zone-change-zh.html	/	/index.html|/tmp/opencode/worldtime|/tmp/opencode/worldtime/.html
blog/cruise-ship-time-zone-change.html	/	/index.html|/tmp/opencode/worldtime|/tmp/opencode/worldtime/.html
blog/daylight-saving-2026-prep-de.html	/de/dst-countdown	/tmp/opencode/worldtime/de/dst-countdown/index.html|/tmp/opencode/worldtime/de/dst-countdown|/tmp/opencode/worldtime/de/dst-countdown.html
blog/daylight-saving-2026-prep-de.html	/de/time-difference	/tmp/opencode/worldtime/de/time-difference/index.html|/tmp/opencode/worldtime/de/time-difference|/tmp/opencode/worldtime/de/time-difference.html
blog/daylight-saving-2026-prep-es.html	/es/dst-countdown	/tmp/opencode/worldtime/es/dst-countdown/index.html|/tmp/opencode/worldtime/es/dst-countdown|/tmp/opencode/worldtime/es/dst-countdown.html
blog/daylight-saving-2026-prep-es.html	/es/time-difference	/tmp/opencode/worldtime/es/time-difference/index.html|/tmp/opencode/worldtime/es/time-difference|/tmp/opencode/worldtime/es/time-difference.html
blog/daylight-saving-2026-prep-fr.html	/fr/dst-countdown	/tmp/opencode/worldtime/fr/dst-countdown/index.html|/tmp/opencode/worldtime/fr/dst-countdown|/tmp/opencode/worldtime/fr/dst-countdown.html
blog/daylight-saving-2026-prep-fr.html	/fr/time-difference	/tmp/opencode/worldtime/fr/time-difference/index.html|/tmp/opencode/worldtime/fr/time-difference|/tmp/opencode/worldtime/fr/time-difference.html
blog/daylight-saving-2026-prep-it-zh.html	/	/index.html|/tmp/opencode/worldtime|/tmp/opencode/worldtime/.html
blog/daylight-saving-2026-prep-it-zh.html	/it/dst-countdown	/tmp/opencode/worldtime/it/dst-countdown/index.html|/tmp/opencode/worldtime/it/dst-countdown|/tmp/opencode/worldtime/it/dst-countdown.html
blog/daylight-saving-2026-prep-it-zh.html	/it/time-difference	/tmp/opencode/worldtime/it/time-difference/index.html|/tmp/opencode/worldtime/it/time-difference|/tmp/opencode/worldtime/it/time-difference.html
blog/daylight-saving-2026-prep-it.html	/it/dst-countdown	/tmp/opencode/worldtime/it/dst-countdown/index.html|/tmp/opencode/worldtime/it/dst-countdown|/tmp/opencode/worldtime/it/dst-countdown.html
blog/daylight-saving-2026-prep-it.html	/it/time-difference	/tmp/opencode/worldtime/it/time-difference/index.html|/tmp/opencode/worldtime/it/time-difference|/tmp/opencode/worldtime/it/time-difference.html
blog/daylight-saving-2026-prep-ja.html	/ja/dst-countdown	/tmp/opencode/worldtime/ja/dst-countdown/index.html|/tmp/opencode/worldtime/ja/dst-countdown|/tmp/opencode/worldtime/ja/dst-countdown.html
blog/daylight-saving-2026-prep-ja.html	/ja/time-difference	/tmp/opencode/worldtime/ja/time-difference/index.html|/tmp/opencode/worldtime/ja/time-difference|/tmp/opencode/worldtime/ja/time-difference.html
blog/daylight-saving-2026-prep-ru.html	/	/index.html|/tmp/opencode/worldtime|/tmp/opencode/worldtime/.html
blog/daylight-saving-2026-prep-uk.html	/uk/dst-countdown	/tmp/opencode/worldtime/uk/dst-countdown/index.html|/tmp/opencode/worldtime/uk/dst-countdown|/tmp/opencode/worldtime/uk/dst-countdown.html
blog/daylight-saving-2026-prep-uk.html	/uk/time-difference	/tmp/opencode/worldtime/uk/time-difference/index.html|/tmp/opencode/worldtime/uk/time-difference|/tmp/opencode/worldtime/uk/time-difference.html
blog/daylight-saving-2026-prep-zh.html	/zh/dst-countdown	/tmp/opencode/worldtime/zh/dst-countdown/index.html|/tmp/opencode/worldtime/zh/dst-countdown|/tmp/opencode/worldtime/zh/dst-countdown.html
blog/daylight-saving-2026-prep-zh.html	/zh/time-difference	/tmp/opencode/worldtime/zh/time-difference/index.html|/tmp/opencode/worldtime/zh/time-difference|/tmp/opencode/worldtime/zh/time-difference.html
blog/daylight-saving-2026-prep.html	/	/index.html|/tmp/opencode/worldtime|/tmp/opencode/worldtime/.html
blog/daylight-saving-time-2026-start-end-dates-ru.html	/	/index.html|/tmp/opencode/worldtime|/tmp/opencode/worldtime/.html
blog/daylight-saving-time-2026-start-end-dates-zh.html	/	/index.html|/tmp/opencode/worldtime|/tmp/opencode/worldtime/.html
blog/daylight-saving-time-2026-start-end-dates.html	/	/index.html|/tmp/opencode/worldtime|/tmp/opencode/worldtime/.html
blog/daylight-saving-time-australia-how-it-works-ru.html	/	/index.html|/tmp/opencode/worldtime|/tmp/opencode/worldtime/.html
blog/daylight-saving-time-australia-how-it-works-zh.html	/	/index.html|/tmp/opencode/worldtime|/tmp/opencode/worldtime/.html
blog/daylight-saving-time-australia-how-it-works.html	/	/index.html|/tmp/opencode/worldtime|/tmp/opencode/worldtime/.html
blog/daylight-saving-time-by-country-ru.html	/	/index.html|/tmp/opencode/worldtime|/tmp/opencode/worldtime/.html
blog/daylight-saving-time-by-country-zh.html	/	/index.html|/tmp/opencode/worldtime|/tmp/opencode/worldtime/.html
blog/daylight-saving-time-by-country.html	/	/index.html|/tmp/opencode/worldtime|/tmp/opencode/worldtime/.html
blog/daylight-saving-time-explained-ru.html	/	/index.html|/tmp/opencode/worldtime|/tmp/opencode/worldtime/.html
blog/daylight-saving-time-explained-zh.html	/	/index.html|/tmp/opencode/worldtime|/tmp/opencode/worldtime/.html
blog/daylight-saving-time-explained.html	/	/index.html|/tmp/opencode/worldtime|/tmp/opencode/worldtime/.html
blog/daylight-saving-time-travel-guide-ru.html	/	/index.html|/tmp/opencode/worldtime|/tmp/opencode/worldtime/.html
blog/daylight-saving-time-travel-guide-zh.html	/	/index.html|/tmp/opencode/worldtime|/tmp/opencode/worldtime/.html
blog/daylight-saving-time-travel-guide.html	/	/index.html|/tmp/opencode/worldtime|/tmp/opencode/worldtime/.html
blog/dayline-saving-time-health-effects-ru.html	/	/index.html|/tmp/opencode/worldtime|/tmp/opencode/worldtime/.html
blog/dayline-saving-time-health-effects-zh.html	/	/index.html|/tmp/opencode/worldtime|/tmp/opencode/worldtime/.html
blog/dayline-saving-time-health-effects.html	/	/index.html|/tmp/opencode/worldtime|/tmp/opencode/worldtime/.html
blog/deutschland-falsche-zeit-nachbarn-de.html	/	/index.html|/tmp/opencode/worldtime|/tmp/opencode/worldtime/.html
blog/does-daylight-saving-time-save-energy-2026-zh.html	/	/index.html|/tmp/opencode/worldtime|/tmp/opencode/worldtime/.html
blog/does-daylight-saving-time-save-energy-2026.html	/	/index.html|/tmp/opencode/worldtime|/tmp/opencode/worldtime/.html
blog/espana-hora-verano-madrid-es.html	/	/index.html|/tmp/opencode/worldtime|/tmp/opencode/worldtime/.html
blog/explaining-time-zones-to-kids-zh.html	/	/index.html|/tmp/opencode/worldtime|/tmp/opencode/worldtime/.html
blog/explaining-time-zones-to-kids.html	/	/index.html|/tmp/opencode/worldtime|/tmp/opencode/worldtime/.html
blog/france-plusieurs-fuseaux-fr.html	/	/index.html|/tmp/opencode/worldtime|/tmp/opencode/worldtime/.html
blog/global-team-coordination.html	/	/index.html|/tmp/opencode/worldtime|/tmp/opencode/worldtime/.html
blog/grandmother-time-zones-vs-app-zh.html	/	/index.html|/tmp/opencode/worldtime|/tmp/opencode/worldtime/.html
blog/grandmother-time-zones-vs-app.html	/	/index.html|/tmp/opencode/worldtime|/tmp/opencode/worldtime/.html
blog/half-hour-quarter-hour-time-zones-zh.html	/	/index.html|/tmp/opencode/worldtime|/tmp/opencode/worldtime/.html
blog/half-hour-quarter-hour-time-zones-zh.html	/time/kathmandu	/tmp/opencode/worldtime/time/kathmandu/index.html|/tmp/opencode/worldtime/time/kathmandu|/tmp/opencode/worldtime/time/kathmandu.html
blog/half-hour-quarter-hour-time-zones.html	/	/index.html|/tmp/opencode/worldtime|/tmp/opencode/worldtime/.html
blog/half-hour-quarter-hour-time-zones.html	/time/kathmandu	/tmp/opencode/worldtime/time/kathmandu/index.html|/tmp/opencode/worldtime/time/kathmandu|/tmp/opencode/worldtime/time/kathmandu.html
blog/half-hour-time-zones-why-they-exist-zh.html	/	/index.html|/tmp/opencode/worldtime|/tmp/opencode/worldtime/.html
blog/half-hour-time-zones-why-they-exist.html	/	/index.html|/tmp/opencode/worldtime|/tmp/opencode/worldtime/.html
blog/history-of-time-zones-zh.html	/	/index.html|/tmp/opencode/worldtime|/tmp/opencode/worldtime/.html
blog/history-of-time-zones.html	/	/index.html|/tmp/opencode/worldtime|/tmp/opencode/worldtime/.html
blog/how-airlines-manage-time-zones-zh.html	/	/index.html|/tmp/opencode/worldtime|/tmp/opencode/worldtime/.html
blog/how-airlines-manage-time-zones.html	/	/index.html|/tmp/opencode/worldtime|/tmp/opencode/worldtime/.html
blog/how-daylight-saving-affects-meetings-de.html	/	/index.html|/tmp/opencode/worldtime|/tmp/opencode/worldtime/.html
blog/how-daylight-saving-affects-meetings-es.html	/	/index.html|/tmp/opencode/worldtime|/tmp/opencode/worldtime/.html
blog/how-daylight-saving-affects-meetings-fr.html	/	/index.html|/tmp/opencode/worldtime|/tmp/opencode/worldtime/.html
blog/how-daylight-saving-affects-meetings-ja.html	/	/index.html|/tmp/opencode/worldtime|/tmp/opencode/worldtime/.html
blog/how-daylight-saving-affects-meetings-ru.html	/	/index.html|/tmp/opencode/worldtime|/tmp/opencode/worldtime/.html
blog/how-daylight-saving-affects-meetings-uk.html	/	/index.html|/tmp/opencode/worldtime|/tmp/opencode/worldtime/.html
blog/how-daylight-saving-affects-meetings-zh.html	/	/index.html|/tmp/opencode/worldtime|/tmp/opencode/worldtime/.html
blog/how-daylight-saving-affects-meetings.html	/	/index.html|/tmp/opencode/worldtime|/tmp/opencode/worldtime/.html
blog/how-time-zones-affect-air-travel-zh.html	/	/index.html|/tmp/opencode/worldtime|/tmp/opencode/worldtime/.html
blog/how-time-zones-affect-air-travel.html	/	/index.html|/tmp/opencode/worldtime|/tmp/opencode/worldtime/.html
blog/how-to-convert-time-zones-zh.html	/	/index.html|/tmp/opencode/worldtime|/tmp/opencode/worldtime/.html
blog/how-to-convert-time-zones.html	/	/index.html|/tmp/opencode/worldtime|/tmp/opencode/worldtime/.html
blog/how-to-find-exact-time-any-city-world-zh.html	/	/index.html|/tmp/opencode/worldtime|/tmp/opencode/worldtime/.html
blog/how-to-find-exact-time-any-city-world.html	/	/index.html|/tmp/opencode/worldtime|/tmp/opencode/worldtime/.html
blog/how-to-read-military-time-zh.html	/	/index.html|/tmp/opencode/worldtime|/tmp/opencode/worldtime/.html
blog/how-to-read-military-time.html	/	/index.html|/tmp/opencode/worldtime|/tmp/opencode/worldtime/.html
blog/how-to-schedule-global-meetings-zh.html	/	/index.html|/tmp/opencode/worldtime|/tmp/opencode/worldtime/.html
blog/how-to-schedule-global-meetings.html	/en/	/tmp/opencode/worldtime/en/index.html|/tmp/opencode/worldtime/en|/tmp/opencode/worldtime/en/.html
blog/how-to-schedule-meetings-across-time-zones-zh.html	/	/index.html|/tmp/opencode/worldtime|/tmp/opencode/worldtime/.html
blog/how-to-schedule-meetings-across-time-zones.html	/	/index.html|/tmp/opencode/worldtime|/tmp/opencode/worldtime/.html
blog/how-to-set-world-clock-on-iphone-android-zh.html	/	/index.html|/tmp/opencode/worldtime|/tmp/opencode/worldtime/.html
blog/how-to-set-world-clock-on-iphone-android.html	/	/index.html|/tmp/opencode/worldtime|/tmp/opencode/worldtime/.html
blog/index-zh.html	/	/index.html|/tmp/opencode/worldtime|/tmp/opencode/worldtime/.html
blog/index.html	/	/index.html|/tmp/opencode/worldtime|/tmp/opencode/worldtime/.html
blog/india-time-zone-one-country-many-suns-zh.html	/	/index.html|/tmp/opencode/worldtime|/tmp/opencode/worldtime/.html
blog/india-time-zone-one-country-many-suns.html	/	/index.html|/tmp/opencode/worldtime|/tmp/opencode/worldtime/.html
blog/international-business-hours-guide-zh.html	/	/index.html|/tmp/opencode/worldtime|/tmp/opencode/worldtime/.html
blog/international-business-hours-guide.html	/	/index.html|/tmp/opencode/worldtime|/tmp/opencode/worldtime/.html
blog/international-date-line-explained-zh.html	/	/index.html|/tmp/opencode/worldtime|/tmp/opencode/worldtime/.html
blog/international-date-line-explained.html	/	/index.html|/tmp/opencode/worldtime|/tmp/opencode/worldtime/.html
blog/international-meeting-planner.html	/	/index.html|/tmp/opencode/worldtime|/tmp/opencode/worldtime/.html
blog/italia-ora-legale-ritardo-it-zh.html	/	/index.html|/tmp/opencode/worldtime|/tmp/opencode/worldtime/.html
blog/italia-ora-legale-ritardo-it.html	/	/index.html|/tmp/opencode/worldtime|/tmp/opencode/worldtime/.html
blog/japan-one-timezone-paradox-ja.html	/	/index.html|/tmp/opencode/worldtime|/tmp/opencode/worldtime/.html
blog/jet-lag-management-guide-zh.html	/	/index.html|/tmp/opencode/worldtime|/tmp/opencode/worldtime/.html
blog/jet-lag-management-guide.html	/	/index.html|/tmp/opencode/worldtime|/tmp/opencode/worldtime/.html
blog/managing-remote-team-12-time-zones-zh.html	/	/index.html|/tmp/opencode/worldtime|/tmp/opencode/worldtime/.html
blog/managing-remote-team-12-time-zones.html	/	/index.html|/tmp/opencode/worldtime|/tmp/opencode/worldtime/.html
blog/meeting-planner-tips-zh.html	/	/index.html|/tmp/opencode/worldtime|/tmp/opencode/worldtime/.html
blog/meeting-planner-tips.html	/	/index.html|/tmp/opencode/worldtime|/tmp/opencode/worldtime/.html
blog/meeting-time-zone-converter.html	/	/index.html|/tmp/opencode/worldtime|/tmp/opencode/worldtime/.html
blog/military-time-format-explained-zh.html	/	/index.html|/tmp/opencode/worldtime|/tmp/opencode/worldtime/.html
blog/military-time-format-explained.html	/	/index.html|/tmp/opencode/worldtime|/tmp/opencode/worldtime/.html
blog/most-confusing-time-zones-in-the-world-zh.html	/	/index.html|/tmp/opencode/worldtime|/tmp/opencode/worldtime/.html
blog/most-confusing-time-zones-in-the-world.html	/	/index.html|/tmp/opencode/worldtime|/tmp/opencode/worldtime/.html
blog/most-time-zones-in-the-world-by-country-zh.html	/	/index.html|/tmp/opencode/worldtime|/tmp/opencode/worldtime/.html
blog/most-time-zones-in-the-world-by-country.html	/	/index.html|/tmp/opencode/worldtime|/tmp/opencode/worldtime/.html
blog/most-time-zones-in-the-world-zh.html	/	/index.html|/tmp/opencode/worldtime|/tmp/opencode/worldtime/.html
blog/most-time-zones-in-the-world.html	/	/index.html|/tmp/opencode/worldtime|/tmp/opencode/worldtime/.html
blog/night-shift-nurse-time-zones-zh.html	/	/index.html|/tmp/opencode/worldtime|/tmp/opencode/worldtime/.html
blog/night-shift-nurse-time-zones.html	/	/index.html|/tmp/opencode/worldtime|/tmp/opencode/worldtime/.html
blog/olympics-time-zone-problem-zh.html	/	/index.html|/tmp/opencode/worldtime|/tmp/opencode/worldtime/.html
blog/olympics-time-zone-problem.html	/	/index.html|/tmp/opencode/worldtime|/tmp/opencode/worldtime/.html
blog/page/2/index.html	/	/index.html|/tmp/opencode/worldtime|/tmp/opencode/worldtime/.html
blog/page/3/index.html	/	/index.html|/tmp/opencode/worldtime|/tmp/opencode/worldtime/.html
blog/page/3/index.html	/blog/dst-2026-australia-fall-back	/tmp/opencode/worldtime/blog/dst-2026-australia-fall-back/index.html|/tmp/opencode/worldtime/blog/dst-2026-australia-fall-back|/tmp/opencode/worldtime/blog/dst-2026-australia-fall-back.html
blog/page/3/index.html	/blog/dst-2026-australia-spring-forward	/tmp/opencode/worldtime/blog/dst-2026-australia-spring-forward/index.html|/tmp/opencode/worldtime/blog/dst-2026-australia-spring-forward|/tmp/opencode/worldtime/blog/dst-2026-australia-spring-forward.html
blog/page/3/index.html	/blog/dst-2026-eu-fall-back	/tmp/opencode/worldtime/blog/dst-2026-eu-fall-back/index.html|/tmp/opencode/worldtime/blog/dst-2026-eu-fall-back|/tmp/opencode/worldtime/blog/dst-2026-eu-fall-back.html
blog/page/3/index.html	/blog/dst-2026-eu-spring-forward	/tmp/opencode/worldtime/blog/dst-2026-eu-spring-forward/index.html|/tmp/opencode/worldtime/blog/dst-2026-eu-spring-forward|/tmp/opencode/worldtime/blog/dst-2026-eu-spring-forward.html
blog/page/3/index.html	/blog/dst-2026-us-fall-back	/tmp/opencode/worldtime/blog/dst-2026-us-fall-back/index.html|/tmp/opencode/worldtime/blog/dst-2026-us-fall-back|/tmp/opencode/worldtime/blog/dst-2026-us-fall-back.html
blog/page/3/index.html	/blog/dst-2026-us-spring-forward	/tmp/opencode/worldtime/blog/dst-2026-us-spring-forward/index.html|/tmp/opencode/worldtime/blog/dst-2026-us-spring-forward|/tmp/opencode/worldtime/blog/dst-2026-us-spring-forward.html
blog/page/3/index.html	/blog/fifa-world-cup-2026-schedule-timezones	/tmp/opencode/worldtime/blog/fifa-world-cup-2026-schedule-timezones/index.html|/tmp/opencode/worldtime/blog/fifa-world-cup-2026-schedule-timezones|/tmp/opencode/worldtime/blog/fifa-world-cup-2026-schedule-timezones.html
blog/page/4/index.html	/	/index.html|/tmp/opencode/worldtime|/tmp/opencode/worldtime/.html
blog/page/5/index.html	/	/index.html|/tmp/opencode/worldtime|/tmp/opencode/worldtime/.html
blog/page/5/index.html	/blog/ramadan-2026-timetable	/tmp/opencode/worldtime/blog/ramadan-2026-timetable/index.html|/tmp/opencode/worldtime/blog/ramadan-2026-timetable|/tmp/opencode/worldtime/blog/ramadan-2026-timetable.html
blog/page/6/index.html	/	/index.html|/tmp/opencode/worldtime|/tmp/opencode/worldtime/.html
blog/page/7/index.html	/	/index.html|/tmp/opencode/worldtime|/tmp/opencode/worldtime/.html
blog/page/7/index.html	/blog/winter-olympics-2026-schedule-timezones	/tmp/opencode/worldtime/blog/winter-olympics-2026-schedule-timezones/index.html|/tmp/opencode/worldtime/blog/winter-olympics-2026-schedule-timezones|/tmp/opencode/worldtime/blog/winter-olympics-2026-schedule-timezones.html
blog/page/8/index.html	/	/index.html|/tmp/opencode/worldtime|/tmp/opencode/worldtime/.html
blog/phone-time-wrong-after-flight-zh.html	/	/index.html|/tmp/opencode/worldtime|/tmp/opencode/worldtime/.html
blog/phone-time-wrong-after-flight.html	/	/index.html|/tmp/opencode/worldtime|/tmp/opencode/worldtime/.html
blog/remote-team-meeting-scheduler.html	/	/index.html|/tmp/opencode/worldtime|/tmp/opencode/worldtime/.html
blog/remote-team-time-management-best-practices-zh.html	/	/index.html|/tmp/opencode/worldtime|/tmp/opencode/worldtime/.html
blog/remote-team-time-management-best-practices.html	/	/index.html|/tmp/opencode/worldtime|/tmp/opencode/worldtime/.html
blog/rossiya-11-chasovyh-poyasov-ru.html	/	/index.html|/tmp/opencode/worldtime|/tmp/opencode/worldtime/.html
blog/schedule-meetings-across-time-zones-zh.html	/	/index.html|/tmp/opencode/worldtime|/tmp/opencode/worldtime/.html
blog/schedule-meetings-across-time-zones.html	/	/index.html|/tmp/opencode/worldtime|/tmp/opencode/worldtime/.html
blog/schedule-online-classes-time-zones-it-zh.html	/	/index.html|/tmp/opencode/worldtime|/tmp/opencode/worldtime/.html
blog/schedule-online-classes-time-zones.html	/	/index.html|/tmp/opencode/worldtime|/tmp/opencode/worldtime/.html
blog/spain-time-zone-history-zh.html	/	/index.html|/tmp/opencode/worldtime|/tmp/opencode/worldtime/.html
blog/spain-time-zone-history.html	/	/index.html|/tmp/opencode/worldtime|/tmp/opencode/worldtime/.html
blog/stock-exchange-trading-hours-worldwide-zh.html	/	/index.html|/tmp/opencode/worldtime|/tmp/opencode/worldtime/.html
blog/stock-exchange-trading-hours-worldwide.html	/	/index.html|/tmp/opencode/worldtime|/tmp/opencode/worldtime/.html
blog/sunrise-sunset-times-explained-zh.html	/	/index.html|/tmp/opencode/worldtime|/tmp/opencode/worldtime/.html
blog/sunrise-sunset-times-explained.html	/	/index.html|/tmp/opencode/worldtime|/tmp/opencode/worldtime/.html
blog/time-difference-between-dubai-and-new-york-zh.html	/	/index.html|/tmp/opencode/worldtime|/tmp/opencode/worldtime/.html
blog/time-difference-between-dubai-and-new-york.html	/	/index.html|/tmp/opencode/worldtime|/tmp/opencode/worldtime/.html
blog/time-difference-calculator-zh.html	/	/index.html|/tmp/opencode/worldtime|/tmp/opencode/worldtime/.html
blog/time-difference-calculator.html	/	/index.html|/tmp/opencode/worldtime|/tmp/opencode/worldtime/.html
blog/time-difference-dubai-london-de.html	/	/index.html|/tmp/opencode/worldtime|/tmp/opencode/worldtime/.html
blog/time-difference-dubai-london-es.html	/	/index.html|/tmp/opencode/worldtime|/tmp/opencode/worldtime/.html
blog/time-difference-dubai-london-fr.html	/	/index.html|/tmp/opencode/worldtime|/tmp/opencode/worldtime/.html
blog/time-difference-dubai-london-ja.html	/	/index.html|/tmp/opencode/worldtime|/tmp/opencode/worldtime/.html
blog/time-difference-dubai-london-ru.html	/	/index.html|/tmp/opencode/worldtime|/tmp/opencode/worldtime/.html
blog/time-difference-dubai-london-uk.html	/	/index.html|/tmp/opencode/worldtime|/tmp/opencode/worldtime/.html
blog/time-difference-dubai-london-zh.html	/	/index.html|/tmp/opencode/worldtime|/tmp/opencode/worldtime/.html
blog/time-difference-dubai-london.html	/	/index.html|/tmp/opencode/worldtime|/tmp/opencode/worldtime/.html
blog/time-difference-london-tokyo-zh.html	/	/index.html|/tmp/opencode/worldtime|/tmp/opencode/worldtime/.html
blog/time-difference-london-tokyo.html	/	/index.html|/tmp/opencode/worldtime|/tmp/opencode/worldtime/.html
blog/time-difference-los-angeles-london-de.html	/	/index.html|/tmp/opencode/worldtime|/tmp/opencode/worldtime/.html
blog/time-difference-los-angeles-london-es.html	/	/index.html|/tmp/opencode/worldtime|/tmp/opencode/worldtime/.html
blog/time-difference-los-angeles-london-fr.html	/	/index.html|/tmp/opencode/worldtime|/tmp/opencode/worldtime/.html
blog/time-difference-los-angeles-london-ja.html	/	/index.html|/tmp/opencode/worldtime|/tmp/opencode/worldtime/.html
blog/time-difference-los-angeles-london-ru.html	/	/index.html|/tmp/opencode/worldtime|/tmp/opencode/worldtime/.html
blog/time-difference-los-angeles-london-uk.html	/	/index.html|/tmp/opencode/worldtime|/tmp/opencode/worldtime/.html
blog/time-difference-los-angeles-london-zh.html	/	/index.html|/tmp/opencode/worldtime|/tmp/opencode/worldtime/.html
blog/time-difference-los-angeles-london.html	/	/index.html|/tmp/opencode/worldtime|/tmp/opencode/worldtime/.html
blog/time-difference-los-angeles-sydney-zh.html	/	/index.html|/tmp/opencode/worldtime|/tmp/opencode/worldtime/.html
blog/time-difference-los-angeles-sydney.html	/	/index.html|/tmp/opencode/worldtime|/tmp/opencode/worldtime/.html
blog/time-difference-new-york-london-zh.html	/	/index.html|/tmp/opencode/worldtime|/tmp/opencode/worldtime/.html
blog/time-difference-new-york-london.html	/	/index.html|/tmp/opencode/worldtime|/tmp/opencode/worldtime/.html
blog/time-difference-new-york-sydney-de.html	/	/index.html|/tmp/opencode/worldtime|/tmp/opencode/worldtime/.html
blog/time-difference-new-york-sydney-es.html	/	/index.html|/tmp/opencode/worldtime|/tmp/opencode/worldtime/.html
blog/time-difference-new-york-sydney-fr.html	/	/index.html|/tmp/opencode/worldtime|/tmp/opencode/worldtime/.html
blog/time-difference-new-york-sydney-ja.html	/	/index.html|/tmp/opencode/worldtime|/tmp/opencode/worldtime/.html
blog/time-difference-new-york-sydney-ru.html	/	/index.html|/tmp/opencode/worldtime|/tmp/opencode/worldtime/.html
blog/time-difference-new-york-sydney-uk.html	/	/index.html|/tmp/opencode/worldtime|/tmp/opencode/worldtime/.html
blog/time-difference-new-york-sydney-zh.html	/	/index.html|/tmp/opencode/worldtime|/tmp/opencode/worldtime/.html
blog/time-difference-new-york-sydney.html	/	/index.html|/tmp/opencode/worldtime|/tmp/opencode/worldtime/.html
blog/time-difference-singapore-london-zh.html	/	/index.html|/tmp/opencode/worldtime|/tmp/opencode/worldtime/.html
blog/time-difference-singapore-london.html	/	/index.html|/tmp/opencode/worldtime|/tmp/opencode/worldtime/.html
blog/time-difference-sydney-london-zh.html	/	/index.html|/tmp/opencode/worldtime|/tmp/opencode/worldtime/.html
blog/time-difference-sydney-london.html	/	/index.html|/tmp/opencode/worldtime|/tmp/opencode/worldtime/.html
blog/time-difference-tokyo-london-zh.html	/	/index.html|/tmp/opencode/worldtime|/tmp/opencode/worldtime/.html
blog/time-difference-tokyo-london.html	/	/index.html|/tmp/opencode/worldtime|/tmp/opencode/worldtime/.html
blog/time-difference-tokyo-sydney-zh.html	/	/index.html|/tmp/opencode/worldtime|/tmp/opencode/worldtime/.html
blog/time-difference-tokyo-sydney.html	/	/index.html|/tmp/opencode/worldtime|/tmp/opencode/worldtime/.html
blog/time-differences-between-neighboring-countries-surprising-facts-zh.html	/	/index.html|/tmp/opencode/worldtime|/tmp/opencode/worldtime/.html
blog/time-differences-between-neighboring-countries-surprising-facts.html	/	/index.html|/tmp/opencode/worldtime|/tmp/opencode/worldtime/.html
blog/time-zone-abbreviations-explained-zh.html	/	/index.html|/tmp/opencode/worldtime|/tmp/opencode/worldtime/.html
blog/time-zone-abbreviations-explained.html	/	/index.html|/tmp/opencode/worldtime|/tmp/opencode/worldtime/.html
blog/time-zone-apps-compared-2026-zh.html	/	/index.html|/tmp/opencode/worldtime|/tmp/opencode/worldtime/.html
blog/time-zone-apps-compared-2026-zh.html	/blog/remote-work-async-communication-time-zones	/tmp/opencode/worldtime/blog/remote-work-async-communication-time-zones/index.html|/tmp/opencode/worldtime/blog/remote-work-async-communication-time-zones|/tmp/opencode/worldtime/blog/remote-work-async-communication-time-zones.html
blog/time-zone-apps-compared-2026.html	/	/index.html|/tmp/opencode/worldtime|/tmp/opencode/worldtime/.html
blog/time-zone-apps-compared-2026.html	/blog/remote-work-async-communication-time-zones	/tmp/opencode/worldtime/blog/remote-work-async-communication-time-zones/index.html|/tmp/opencode/worldtime/blog/remote-work-async-communication-time-zones|/tmp/opencode/worldtime/blog/remote-work-async-communication-time-zones.html
blog/time-zone-business-mistakes-cost-zh.html	/	/index.html|/tmp/opencode/worldtime|/tmp/opencode/worldtime/.html
blog/time-zone-business-mistakes-cost.html	/	/index.html|/tmp/opencode/worldtime|/tmp/opencode/worldtime/.html
blog/time-zone-converter-api-developers-guide-zh.html	/	/index.html|/tmp/opencode/worldtime|/tmp/opencode/worldtime/.html
blog/time-zone-converter-api-developers-guide.html	/	/index.html|/tmp/opencode/worldtime|/tmp/opencode/worldtime/.html
blog/time-zone-converter-guide-zh.html	/	/index.html|/tmp/opencode/worldtime|/tmp/opencode/worldtime/.html
blog/time-zone-converter-guide.html	/	/index.html|/tmp/opencode/worldtime|/tmp/opencode/worldtime/.html
blog/time-zone-converter-how-it-works-zh.html	/	/index.html|/tmp/opencode/worldtime|/tmp/opencode/worldtime/.html
blog/time-zone-converter-how-it-works.html	/	/index.html|/tmp/opencode/worldtime|/tmp/opencode/worldtime/.html
blog/time-zone-fails-apps-get-it-wrong-zh.html	/	/index.html|/tmp/opencode/worldtime|/tmp/opencode/worldtime/.html
blog/time-zone-fails-apps-get-it-wrong.html	/	/index.html|/tmp/opencode/worldtime|/tmp/opencode/worldtime/.html
blog/time-zone-management-remote-teams-zh.html	/	/index.html|/tmp/opencode/worldtime|/tmp/opencode/worldtime/.html
blog/time-zone-management-remote-teams.html	/en/	/tmp/opencode/worldtime/en/index.html|/tmp/opencode/worldtime/en|/tmp/opencode/worldtime/en/.html
blog/time-zone-map-of-the-united-states-zh.html	/	/index.html|/tmp/opencode/worldtime|/tmp/opencode/worldtime/.html
blog/time-zone-map-of-the-united-states.html	/	/index.html|/tmp/opencode/worldtime|/tmp/opencode/worldtime/.html
blog/time-zone-meeting-etiquette-remote-teams-de.html	/	/index.html|/tmp/opencode/worldtime|/tmp/opencode/worldtime/.html
blog/time-zone-meeting-etiquette-remote-teams-es.html	/	/index.html|/tmp/opencode/worldtime|/tmp/opencode/worldtime/.html
blog/time-zone-meeting-etiquette-remote-teams-fr.html	/	/index.html|/tmp/opencode/worldtime|/tmp/opencode/worldtime/.html
blog/time-zone-meeting-etiquette-remote-teams-ja.html	/	/index.html|/tmp/opencode/worldtime|/tmp/opencode/worldtime/.html
blog/time-zone-meeting-etiquette-remote-teams-ru.html	/	/index.html|/tmp/opencode/worldtime|/tmp/opencode/worldtime/.html
blog/time-zone-meeting-etiquette-remote-teams-uk.html	/	/index.html|/tmp/opencode/worldtime|/tmp/opencode/worldtime/.html
blog/time-zone-meeting-etiquette-remote-teams-zh.html	/	/index.html|/tmp/opencode/worldtime|/tmp/opencode/worldtime/.html
blog/time-zone-meeting-etiquette-remote-teams.html	/	/index.html|/tmp/opencode/worldtime|/tmp/opencode/worldtime/.html
blog/time-zone-myths-debunked-zh.html	/	/index.html|/tmp/opencode/worldtime|/tmp/opencode/worldtime/.html
blog/time-zone-myths-debunked.html	/	/index.html|/tmp/opencode/worldtime|/tmp/opencode/worldtime/.html
blog/time-zone-rules-for-developers-zh.html	/	/index.html|/tmp/opencode/worldtime|/tmp/opencode/worldtime/.html
blog/time-zone-rules-for-developers-zh.html	/blog/time-zone-converter-api-for-developers	/tmp/opencode/worldtime/blog/time-zone-converter-api-for-developers/index.html|/tmp/opencode/worldtime/blog/time-zone-converter-api-for-developers|/tmp/opencode/worldtime/blog/time-zone-converter-api-for-developers.html
blog/time-zone-rules-for-developers.html	/	/index.html|/tmp/opencode/worldtime|/tmp/opencode/worldtime/.html
blog/time-zone-rules-for-developers.html	/blog/time-zone-converter-api-for-developers	/tmp/opencode/worldtime/blog/time-zone-converter-api-for-developers/index.html|/tmp/opencode/worldtime/blog/time-zone-converter-api-for-developers|/tmp/opencode/worldtime/blog/time-zone-converter-api-for-developers.html
blog/time-zones-for-freelancers-zh.html	/	/index.html|/tmp/opencode/worldtime|/tmp/opencode/worldtime/.html
blog/time-zones-for-freelancers.html	/	/index.html|/tmp/opencode/worldtime|/tmp/opencode/worldtime/.html
blog/time-zones-global-sports-events-zh.html	/	/index.html|/tmp/opencode/worldtime|/tmp/opencode/worldtime/.html
blog/time-zones-global-sports-events.html	/	/index.html|/tmp/opencode/worldtime|/tmp/opencode/worldtime/.html
blog/time-zones-in-space-iss-astronauts-zh.html	/	/index.html|/tmp/opencode/worldtime|/tmp/opencode/worldtime/.html
blog/time-zones-in-space-iss-astronauts.html	/	/index.html|/tmp/opencode/worldtime|/tmp/opencode/worldtime/.html
blog/time-zones-in-space-iss-mars-zh.html	/	/index.html|/tmp/opencode/worldtime|/tmp/opencode/worldtime/.html
blog/time-zones-in-space-iss-mars.html	/	/index.html|/tmp/opencode/worldtime|/tmp/opencode/worldtime/.html
blog/time-zones-that-disappeared-zh.html	/	/index.html|/tmp/opencode/worldtime|/tmp/opencode/worldtime/.html
blog/time-zones-that-disappeared.html	/	/index.html|/tmp/opencode/worldtime|/tmp/opencode/worldtime/.html
blog/time-zones-that-no-longer-exist-zh.html	/	/index.html|/tmp/opencode/worldtime|/tmp/opencode/worldtime/.html
blog/time-zones-that-no-longer-exist.html	/	/index.html|/tmp/opencode/worldtime|/tmp/opencode/worldtime/.html
blog/timezone-api-comparison-2026.html	/	/index.html|/tmp/opencode/worldtime|/tmp/opencode/worldtime/.html
blog/timezone-api-comparison-2026.html	/blog/tz-database-explained	/tmp/opencode/worldtime/blog/tz-database-explained/index.html|/tmp/opencode/worldtime/blog/tz-database-explained|/tmp/opencode/worldtime/blog/tz-database-explained.html
blog/ukraine-litniy-chas-yes-uk.html	/	/index.html|/tmp/opencode/worldtime|/tmp/opencode/worldtime/.html
blog/utc-everything-guide-de.html	/de/time-difference	/tmp/opencode/worldtime/de/time-difference/index.html|/tmp/opencode/worldtime/de/time-difference|/tmp/opencode/worldtime/de/time-difference.html
blog/utc-everything-guide-es.html	/es/time-difference	/tmp/opencode/worldtime/es/time-difference/index.html|/tmp/opencode/worldtime/es/time-difference|/tmp/opencode/worldtime/es/time-difference.html
blog/utc-everything-guide-fr.html	/fr/time-difference	/tmp/opencode/worldtime/fr/time-difference/index.html|/tmp/opencode/worldtime/fr/time-difference|/tmp/opencode/worldtime/fr/time-difference.html
blog/utc-everything-guide-it-zh.html	/	/index.html|/tmp/opencode/worldtime|/tmp/opencode/worldtime/.html
blog/utc-everything-guide-it-zh.html	/it/time-difference	/tmp/opencode/worldtime/it/time-difference/index.html|/tmp/opencode/worldtime/it/time-difference|/tmp/opencode/worldtime/it/time-difference.html
blog/utc-everything-guide-it.html	/it/time-difference	/tmp/opencode/worldtime/it/time-difference/index.html|/tmp/opencode/worldtime/it/time-difference|/tmp/opencode/worldtime/it/time-difference.html
blog/utc-everything-guide-ja.html	/ja/time-difference	/tmp/opencode/worldtime/ja/time-difference/index.html|/tmp/opencode/worldtime/ja/time-difference|/tmp/opencode/worldtime/ja/time-difference.html
blog/utc-everything-guide-ru.html	/ru/time-difference	/tmp/opencode/worldtime/ru/time-difference/index.html|/tmp/opencode/worldtime/ru/time-difference|/tmp/opencode/worldtime/ru/time-difference.html
blog/utc-everything-guide-uk.html	/uk/time-difference	/tmp/opencode/worldtime/uk/time-difference/index.html|/tmp/opencode/worldtime/uk/time-difference|/tmp/opencode/worldtime/uk/time-difference.html
blog/utc-everything-guide-zh.html	/zh/time-difference	/tmp/opencode/worldtime/zh/time-difference/index.html|/tmp/opencode/worldtime/zh/time-difference|/tmp/opencode/worldtime/zh/time-difference.html
blog/utc-everything-guide.html	/	/index.html|/tmp/opencode/worldtime|/tmp/opencode/worldtime/.html
blog/utc-travel-tip-zh.html	/	/index.html|/tmp/opencode/worldtime|/tmp/opencode/worldtime/.html
blog/utc-travel-tip.html	/	/index.html|/tmp/opencode/worldtime|/tmp/opencode/worldtime/.html
blog/utc-vs-gmt-explained-zh.html	/	/index.html|/tmp/opencode/worldtime|/tmp/opencode/worldtime/.html
blog/utc-vs-gmt-explained.html	/	/index.html|/tmp/opencode/worldtime|/tmp/opencode/worldtime/.html
blog/village-two-time-zones-one-street-zh.html	/	/index.html|/tmp/opencode/worldtime|/tmp/opencode/worldtime/.html
blog/village-two-time-zones-one-street.html	/	/index.html|/tmp/opencode/worldtime|/tmp/opencode/worldtime/.html
blog/what-cities-are-in-gmt+5-zh.html	/	/index.html|/tmp/opencode/worldtime|/tmp/opencode/worldtime/.html
blog/what-cities-are-in-gmt+5.html	/	/index.html|/tmp/opencode/worldtime|/tmp/opencode/worldtime/.html
blog/what-is-the-international-date-line-zh.html	/	/index.html|/tmp/opencode/worldtime|/tmp/opencode/worldtime/.html
blog/what-is-the-international-date-line.html	/	/index.html|/tmp/opencode/worldtime|/tmp/opencode/worldtime/.html
blog/what-time-is-it-right-now-zh.html	/	/index.html|/tmp/opencode/worldtime|/tmp/opencode/worldtime/.html
blog/what-time-is-it-right-now.html	/	/index.html|/tmp/opencode/worldtime|/tmp/opencode/worldtime/.html
blog/what-time-zone-is-ukraine-in-zh.html	/	/index.html|/tmp/opencode/worldtime|/tmp/opencode/worldtime/.html
blog/what-time-zone-is-ukraine-in.html	/	/index.html|/tmp/opencode/worldtime|/tmp/opencode/worldtime/.html
blog/when-and-why-time-zones-were-invented-zh.html	/	/index.html|/tmp/opencode/worldtime|/tmp/opencode/worldtime/.html
blog/when-and-why-time-zones-were-invented.html	/	/index.html|/tmp/opencode/worldtime|/tmp/opencode/worldtime/.html
blog/why-does-russia-have-11-time-zones-zh.html	/	/index.html|/tmp/opencode/worldtime|/tmp/opencode/worldtime/.html
blog/why-does-russia-have-11-time-zones.html	/	/index.html|/tmp/opencode/worldtime|/tmp/opencode/worldtime/.html
blog/why-i-use-city-names-not-utc-zh.html	/	/index.html|/tmp/opencode/worldtime|/tmp/opencode/worldtime/.html
blog/why-i-use-city-names-not-utc.html	/	/index.html|/tmp/opencode/worldtime|/tmp/opencode/worldtime/.html
blog/why-nepal-utc-plus-5-45-zh.html	/	/index.html|/tmp/opencode/worldtime|/tmp/opencode/worldtime/.html
blog/why-nepal-utc-plus-5-45.html	/	/index.html|/tmp/opencode/worldtime|/tmp/opencode/worldtime/.html
blog/why-no-single-world-time-zh.html	/	/index.html|/tmp/opencode/worldtime|/tmp/opencode/worldtime/.html
blog/why-no-single-world-time.html	/	/index.html|/tmp/opencode/worldtime|/tmp/opencode/worldtime/.html
blog/why-noon-is-not-at-12-zh.html	/	/index.html|/tmp/opencode/worldtime|/tmp/opencode/worldtime/.html
blog/why-noon-is-not-at-12.html	/	/index.html|/tmp/opencode/worldtime|/tmp/opencode/worldtime/.html
blog/why-spain-is-in-the-wrong-time-zone-zh.html	/	/index.html|/tmp/opencode/worldtime|/tmp/opencode/worldtime/.html
blog/why-spain-is-in-the-wrong-time-zone.html	/	/index.html|/tmp/opencode/worldtime|/tmp/opencode/worldtime/.html
blog/working-across-time-zones-mental-health-zh.html	/	/index.html|/tmp/opencode/worldtime|/tmp/opencode/worldtime/.html
blog/working-across-time-zones-mental-health-zh.html	/blog/remote-work-async-communication-time-zones	/tmp/opencode/worldtime/blog/remote-work-async-communication-time-zones/index.html|/tmp/opencode/worldtime/blog/remote-work-async-communication-time-zones|/tmp/opencode/worldtime/blog/remote-work-async-communication-time-zones.html
blog/working-across-time-zones-mental-health.html	/	/index.html|/tmp/opencode/worldtime|/tmp/opencode/worldtime/.html
blog/working-across-time-zones-mental-health.html	/blog/remote-work-async-communication-time-zones	/tmp/opencode/worldtime/blog/remote-work-async-communication-time-zones/index.html|/tmp/opencode/worldtime/blog/remote-work-async-communication-time-zones|/tmp/opencode/worldtime/blog/remote-work-async-communication-time-zones.html
blog/world-clock-desk-setup-it-zh.html	/	/index.html|/tmp/opencode/worldtime|/tmp/opencode/worldtime/.html
blog/world-clock-desk-setup.html	/	/index.html|/tmp/opencode/worldtime|/tmp/opencode/worldtime/.html
blog/world-clock-for-remote-teams-zh.html	/	/index.html|/tmp/opencode/worldtime|/tmp/opencode/worldtime/.html
blog/world-clock-for-remote-teams.html	/	/index.html|/tmp/opencode/worldtime|/tmp/opencode/worldtime/.html
blog/zhongguo-yige-shiqu-zh.html	/	/index.html|/tmp/opencode/worldtime|/tmp/opencode/worldtime/.html
contact.html	/	/index.html|/tmp/opencode/worldtime|/tmp/opencode/worldtime/.html
country/afghanistan.html	/	/index.html|/tmp/opencode/worldtime|/tmp/opencode/worldtime/.html
country/afghanistan.html	/time/herat	/tmp/opencode/worldtime/time/herat/index.html|/tmp/opencode/worldtime/time/herat|/tmp/opencode/worldtime/time/herat.html
country/afghanistan.html	/time/kabul	/tmp/opencode/worldtime/time/kabul/index.html|/tmp/opencode/worldtime/time/kabul|/tmp/opencode/worldtime/time/kabul.html
country/afghanistan.html	/time/kandahar	/tmp/opencode/worldtime/time/kandahar/index.html|/tmp/opencode/worldtime/time/kandahar|/tmp/opencode/worldtime/time/kandahar.html
country/afghanistan.html	/time/mazar-i-sharif	/tmp/opencode/worldtime/time/mazar-i-sharif/index.html|/tmp/opencode/worldtime/time/mazar-i-sharif|/tmp/opencode/worldtime/time/mazar-i-sharif.html
country/argentina.html	/	/index.html|/tmp/opencode/worldtime|/tmp/opencode/worldtime/.html
country/australia.html	/	/index.html|/tmp/opencode/worldtime|/tmp/opencode/worldtime/.html
country/austria.html	/	/index.html|/tmp/opencode/worldtime|/tmp/opencode/worldtime/.html
country/bangladesh.html	/	/index.html|/tmp/opencode/worldtime|/tmp/opencode/worldtime/.html
country/belgium.html	/	/index.html|/tmp/opencode/worldtime|/tmp/opencode/worldtime/.html
country/bhutan.html	/	/index.html|/tmp/opencode/worldtime|/tmp/opencode/worldtime/.html
country/bhutan.html	/time/phuntsholing	/tmp/opencode/worldtime/time/phuntsholing/index.html|/tmp/opencode/worldtime/time/phuntsholing|/tmp/opencode/worldtime/time/phuntsholing.html
country/bhutan.html	/time/punakha	/tmp/opencode/worldtime/time/punakha/index.html|/tmp/opencode/worldtime/time/punakha|/tmp/opencode/worldtime/time/punakha.html
country/brazil.html	/	/index.html|/tmp/opencode/worldtime|/tmp/opencode/worldtime/.html
country/brazil.html	/time/belo-horizonte	/tmp/opencode/worldtime/time/belo-horizonte/index.html|/tmp/opencode/worldtime/time/belo-horizonte|/tmp/opencode/worldtime/time/belo-horizonte.html
country/brazil.html	/time/brasilia	/tmp/opencode/worldtime/time/brasilia/index.html|/tmp/opencode/worldtime/time/brasilia|/tmp/opencode/worldtime/time/brasilia.html
country/brazil.html	/time/salvador	/tmp/opencode/worldtime/time/salvador/index.html|/tmp/opencode/worldtime/time/salvador|/tmp/opencode/worldtime/time/salvador.html
country/brazil.html	/time/sao-paulo	/tmp/opencode/worldtime/time/sao-paulo/index.html|/tmp/opencode/worldtime/time/sao-paulo|/tmp/opencode/worldtime/time/sao-paulo.html
country/canada.html	/	/index.html|/tmp/opencode/worldtime|/tmp/opencode/worldtime/.html
country/chile.html	/	/index.html|/tmp/opencode/worldtime|/tmp/opencode/worldtime/.html
country/china.html	/	/index.html|/tmp/opencode/worldtime|/tmp/opencode/worldtime/.html
country/china.html	/time/xian	/tmp/opencode/worldtime/time/xian/index.html|/tmp/opencode/worldtime/time/xian|/tmp/opencode/worldtime/time/xian.html
country/colombia.html	/	/index.html|/tmp/opencode/worldtime|/tmp/opencode/worldtime/.html
country/cuba.html	/	/index.html|/tmp/opencode/worldtime|/tmp/opencode/worldtime/.html
country/cuba.html	/time/camaguey	/tmp/opencode/worldtime/time/camaguey/index.html|/tmp/opencode/worldtime/time/camaguey|/tmp/opencode/worldtime/time/camaguey.html
country/czech-republic.html	/	/index.html|/tmp/opencode/worldtime|/tmp/opencode/worldtime/.html
country/denmark.html	/	/index.html|/tmp/opencode/worldtime|/tmp/opencode/worldtime/.html
country/egypt.html	/	/index.html|/tmp/opencode/worldtime|/tmp/opencode/worldtime/.html
country/finland.html	/	/index.html|/tmp/opencode/worldtime|/tmp/opencode/worldtime/.html
country/france.html	/	/index.html|/tmp/opencode/worldtime|/tmp/opencode/worldtime/.html
country/france.html	/time/marseille	/tmp/opencode/worldtime/time/marseille/index.html|/tmp/opencode/worldtime/time/marseille|/tmp/opencode/worldtime/time/marseille.html
country/germany.html	/	/index.html|/tmp/opencode/worldtime|/tmp/opencode/worldtime/.html
country/greece.html	/	/index.html|/tmp/opencode/worldtime|/tmp/opencode/worldtime/.html
country/hungary.html	/	/index.html|/tmp/opencode/worldtime|/tmp/opencode/worldtime/.html
country/india.html	/	/index.html|/tmp/opencode/worldtime|/tmp/opencode/worldtime/.html
country/india.html	/time/delhi	/tmp/opencode/worldtime/time/delhi/index.html|/tmp/opencode/worldtime/time/delhi|/tmp/opencode/worldtime/time/delhi.html
country/indonesia.html	/	/index.html|/tmp/opencode/worldtime|/tmp/opencode/worldtime/.html
country/indonesia.html	/time/bali	/tmp/opencode/worldtime/time/bali/index.html|/tmp/opencode/worldtime/time/bali|/tmp/opencode/worldtime/time/bali.html
country/iran.html	/	/index.html|/tmp/opencode/worldtime|/tmp/opencode/worldtime/.html
country/ireland.html	/	/index.html|/tmp/opencode/worldtime|/tmp/opencode/worldtime/.html
country/ireland.html	/time/cork	/tmp/opencode/worldtime/time/cork/index.html|/tmp/opencode/worldtime/time/cork|/tmp/opencode/worldtime/time/cork.html
country/ireland.html	/time/limerick	/tmp/opencode/worldtime/time/limerick/index.html|/tmp/opencode/worldtime/time/limerick|/tmp/opencode/worldtime/time/limerick.html
country/israel.html	/	/index.html|/tmp/opencode/worldtime|/tmp/opencode/worldtime/.html
country/italy.html	/	/index.html|/tmp/opencode/worldtime|/tmp/opencode/worldtime/.html
country/japan.html	/	/index.html|/tmp/opencode/worldtime|/tmp/opencode/worldtime/.html
country/kazakhstan.html	/	/index.html|/tmp/opencode/worldtime|/tmp/opencode/worldtime/.html
country/kenya.html	/	/index.html|/tmp/opencode/worldtime|/tmp/opencode/worldtime/.html
country/malaysia.html	/	/index.html|/tmp/opencode/worldtime|/tmp/opencode/worldtime/.html
country/malaysia.html	/time/penang	/tmp/opencode/worldtime/time/penang/index.html|/tmp/opencode/worldtime/time/penang|/tmp/opencode/worldtime/time/penang.html
country/mexico.html	/	/index.html|/tmp/opencode/worldtime|/tmp/opencode/worldtime/.html
country/morocco.html	/	/index.html|/tmp/opencode/worldtime|/tmp/opencode/worldtime/.html
country/myanmar.html	/	/index.html|/tmp/opencode/worldtime|/tmp/opencode/worldtime/.html
country/myanmar.html	/time/naypyidaw	/tmp/opencode/worldtime/time/naypyidaw/index.html|/tmp/opencode/worldtime/time/naypyidaw|/tmp/opencode/worldtime/time/naypyidaw.html
country/nepal.html	/	/index.html|/tmp/opencode/worldtime|/tmp/opencode/worldtime/.html
country/nepal.html	/time/kathmandu	/tmp/opencode/worldtime/time/kathmandu/index.html|/tmp/opencode/worldtime/time/kathmandu|/tmp/opencode/worldtime/time/kathmandu.html
country/nepal.html	/time/lalitpur	/tmp/opencode/worldtime/time/lalitpur/index.html|/tmp/opencode/worldtime/time/lalitpur|/tmp/opencode/worldtime/time/lalitpur.html
country/netherlands.html	/	/index.html|/tmp/opencode/worldtime|/tmp/opencode/worldtime/.html
country/new-zealand.html	/	/index.html|/tmp/opencode/worldtime|/tmp/opencode/worldtime/.html
country/nigeria.html	/	/index.html|/tmp/opencode/worldtime|/tmp/opencode/worldtime/.html
country/north-korea.html	/	/index.html|/tmp/opencode/worldtime|/tmp/opencode/worldtime/.html
country/north-korea.html	/time/chongjin	/tmp/opencode/worldtime/time/chongjin/index.html|/tmp/opencode/worldtime/time/chongjin|/tmp/opencode/worldtime/time/chongjin.html
country/north-korea.html	/time/hamhung	/tmp/opencode/worldtime/time/hamhung/index.html|/tmp/opencode/worldtime/time/hamhung|/tmp/opencode/worldtime/time/hamhung.html
country/north-korea.html	/time/pyongyang	/tmp/opencode/worldtime/time/pyongyang/index.html|/tmp/opencode/worldtime/time/pyongyang|/tmp/opencode/worldtime/time/pyongyang.html
country/norway.html	/	/index.html|/tmp/opencode/worldtime|/tmp/opencode/worldtime/.html
country/pakistan.html	/	/index.html|/tmp/opencode/worldtime|/tmp/opencode/worldtime/.html
country/peru.html	/	/index.html|/tmp/opencode/worldtime|/tmp/opencode/worldtime/.html
country/philippines.html	/	/index.html|/tmp/opencode/worldtime|/tmp/opencode/worldtime/.html
country/poland.html	/	/index.html|/tmp/opencode/worldtime|/tmp/opencode/worldtime/.html
country/portugal.html	/	/index.html|/tmp/opencode/worldtime|/tmp/opencode/worldtime/.html
country/romania.html	/	/index.html|/tmp/opencode/worldtime|/tmp/opencode/worldtime/.html
country/russia.html	/	/index.html|/tmp/opencode/worldtime|/tmp/opencode/worldtime/.html
country/russia.html	/time/saint-petersburg	/tmp/opencode/worldtime/time/saint-petersburg/index.html|/tmp/opencode/worldtime/time/saint-petersburg|/tmp/opencode/worldtime/time/saint-petersburg.html
country/samoa.html	/	/index.html|/tmp/opencode/worldtime|/tmp/opencode/worldtime/.html
country/saudi-arabia.html	/	/index.html|/tmp/opencode/worldtime|/tmp/opencode/worldtime/.html
country/singapore.html	/	/index.html|/tmp/opencode/worldtime|/tmp/opencode/worldtime/.html
country/south-africa.html	/	/index.html|/tmp/opencode/worldtime|/tmp/opencode/worldtime/.html
country/south-korea.html	/	/index.html|/tmp/opencode/worldtime|/tmp/opencode/worldtime/.html
country/spain.html	/	/index.html|/tmp/opencode/worldtime|/tmp/opencode/worldtime/.html
country/sweden.html	/	/index.html|/tmp/opencode/worldtime|/tmp/opencode/worldtime/.html
country/switzerland.html	/	/index.html|/tmp/opencode/worldtime|/tmp/opencode/worldtime/.html
country/taiwan.html	/	/index.html|/tmp/opencode/worldtime|/tmp/opencode/worldtime/.html
country/thailand.html	/	/index.html|/tmp/opencode/worldtime|/tmp/opencode/worldtime/.html
country/tonga.html	/	/index.html|/tmp/opencode/worldtime|/tmp/opencode/worldtime/.html
country/turkey.html	/	/index.html|/tmp/opencode/worldtime|/tmp/opencode/worldtime/.html
country/turkmenistan.html	/	/index.html|/tmp/opencode/worldtime|/tmp/opencode/worldtime/.html
country/turkmenistan.html	/time/dashoguz	/tmp/opencode/worldtime/time/dashoguz/index.html|/tmp/opencode/worldtime/time/dashoguz|/tmp/opencode/worldtime/time/dashoguz.html
country/turkmenistan.html	/time/mary	/tmp/opencode/worldtime/time/mary/index.html|/tmp/opencode/worldtime/time/mary|/tmp/opencode/worldtime/time/mary.html
country/turkmenistan.html	/time/turkmenabat	/tmp/opencode/worldtime/time/turkmenabat/index.html|/tmp/opencode/worldtime/time/turkmenabat|/tmp/opencode/worldtime/time/turkmenabat.html
country/ukraine.html	/	/index.html|/tmp/opencode/worldtime|/tmp/opencode/worldtime/.html
country/united-arab-emirates.html	/	/index.html|/tmp/opencode/worldtime|/tmp/opencode/worldtime/.html
country/united-kingdom.html	/	/index.html|/tmp/opencode/worldtime|/tmp/opencode/worldtime/.html
country/united-states.html	/	/index.html|/tmp/opencode/worldtime|/tmp/opencode/worldtime/.html
country/uzbekistan.html	/	/index.html|/tmp/opencode/worldtime|/tmp/opencode/worldtime/.html
country/uzbekistan.html	/time/andijan	/tmp/opencode/worldtime/time/andijan/index.html|/tmp/opencode/worldtime/time/andijan|/tmp/opencode/worldtime/time/andijan.html
country/venezuela.html	/	/index.html|/tmp/opencode/worldtime|/tmp/opencode/worldtime/.html
country/vietnam.html	/	/index.html|/tmp/opencode/worldtime|/tmp/opencode/worldtime/.html
de/blog/index.html	/	/index.html|/tmp/opencode/worldtime|/tmp/opencode/worldtime/.html
de/blog/index.html	/blog/de-best-meeting-times-remote-teams	/tmp/opencode/worldtime/blog/de-best-meeting-times-remote-teams/index.html|/tmp/opencode/worldtime/blog/de-best-meeting-times-remote-teams|/tmp/opencode/worldtime/blog/de-best-meeting-times-remote-teams.html
de/blog/index.html	/blog/de-daylight-saving-2026-prep	/tmp/opencode/worldtime/blog/de-daylight-saving-2026-prep/index.html|/tmp/opencode/worldtime/blog/de-daylight-saving-2026-prep|/tmp/opencode/worldtime/blog/de-daylight-saving-2026-prep.html
de/blog/index.html	/blog/de-schedule-online-classes-time-zones	/tmp/opencode/worldtime/blog/de-schedule-online-classes-time-zones/index.html|/tmp/opencode/worldtime/blog/de-schedule-online-classes-time-zones|/tmp/opencode/worldtime/blog/de-schedule-online-classes-time-zones.html
de/blog/index.html	/blog/de-utc-everything-guide	/tmp/opencode/worldtime/blog/de-utc-everything-guide/index.html|/tmp/opencode/worldtime/blog/de-utc-everything-guide|/tmp/opencode/worldtime/blog/de-utc-everything-guide.html
de/blog/index.html	/blog/de-world-clock-desk-setup	/tmp/opencode/worldtime/blog/de-world-clock-desk-setup/index.html|/tmp/opencode/worldtime/blog/de-world-clock-desk-setup|/tmp/opencode/worldtime/blog/de-world-clock-desk-setup.html
de/blog/index.html	/blog/es-best-meeting-times-remote-teams	/tmp/opencode/worldtime/blog/es-best-meeting-times-remote-teams/index.html|/tmp/opencode/worldtime/blog/es-best-meeting-times-remote-teams|/tmp/opencode/worldtime/blog/es-best-meeting-times-remote-teams.html
de/blog/index.html	/blog/es-daylight-saving-2026-prep	/tmp/opencode/worldtime/blog/es-daylight-saving-2026-prep/index.html|/tmp/opencode/worldtime/blog/es-daylight-saving-2026-prep|/tmp/opencode/worldtime/blog/es-daylight-saving-2026-prep.html
de/blog/index.html	/blog/es-schedule-online-classes-time-zones	/tmp/opencode/worldtime/blog/es-schedule-online-classes-time-zones/index.html|/tmp/opencode/worldtime/blog/es-schedule-online-classes-time-zones|/tmp/opencode/worldtime/blog/es-schedule-online-classes-time-zones.html
de/blog/index.html	/blog/es-utc-everything-guide	/tmp/opencode/worldtime/blog/es-utc-everything-guide/index.html|/tmp/opencode/worldtime/blog/es-utc-everything-guide|/tmp/opencode/worldtime/blog/es-utc-everything-guide.html
de/blog/index.html	/blog/es-world-clock-desk-setup	/tmp/opencode/worldtime/blog/es-world-clock-desk-setup/index.html|/tmp/opencode/worldtime/blog/es-world-clock-desk-setup|/tmp/opencode/worldtime/blog/es-world-clock-desk-setup.html
de/blog/index.html	/blog/fr-best-meeting-times-remote-teams	/tmp/opencode/worldtime/blog/fr-best-meeting-times-remote-teams/index.html|/tmp/opencode/worldtime/blog/fr-best-meeting-times-remote-teams|/tmp/opencode/worldtime/blog/fr-best-meeting-times-remote-teams.html
de/blog/index.html	/blog/fr-daylight-saving-2026-prep	/tmp/opencode/worldtime/blog/fr-daylight-saving-2026-prep/index.html|/tmp/opencode/worldtime/blog/fr-daylight-saving-2026-prep|/tmp/opencode/worldtime/blog/fr-daylight-saving-2026-prep.html
de/blog/index.html	/blog/fr-schedule-online-classes-time-zones	/tmp/opencode/worldtime/blog/fr-schedule-online-classes-time-zones/index.html|/tmp/opencode/worldtime/blog/fr-schedule-online-classes-time-zones|/tmp/opencode/worldtime/blog/fr-schedule-online-classes-time-zones.html
de/blog/index.html	/blog/fr-utc-everything-guide	/tmp/opencode/worldtime/blog/fr-utc-everything-guide/index.html|/tmp/opencode/worldtime/blog/fr-utc-everything-guide|/tmp/opencode/worldtime/blog/fr-utc-everything-guide.html
de/blog/index.html	/blog/fr-world-clock-desk-setup	/tmp/opencode/worldtime/blog/fr-world-clock-desk-setup/index.html|/tmp/opencode/worldtime/blog/fr-world-clock-desk-setup|/tmp/opencode/worldtime/blog/fr-world-clock-desk-setup.html
de/blog/index.html	/blog/it-best-meeting-times-remote-teams	/tmp/opencode/worldtime/blog/it-best-meeting-times-remote-teams/index.html|/tmp/opencode/worldtime/blog/it-best-meeting-times-remote-teams|/tmp/opencode/worldtime/blog/it-best-meeting-times-remote-teams.html
de/blog/index.html	/blog/it-daylight-saving-2026-prep	/tmp/opencode/worldtime/blog/it-daylight-saving-2026-prep/index.html|/tmp/opencode/worldtime/blog/it-daylight-saving-2026-prep|/tmp/opencode/worldtime/blog/it-daylight-saving-2026-prep.html
de/blog/index.html	/blog/it-schedule-online-classes-time-zones	/tmp/opencode/worldtime/blog/it-schedule-online-classes-time-zones/index.html|/tmp/opencode/worldtime/blog/it-schedule-online-classes-time-zones|/tmp/opencode/worldtime/blog/it-schedule-online-classes-time-zones.html
de/blog/index.html	/blog/it-utc-everything-guide	/tmp/opencode/worldtime/blog/it-utc-everything-guide/index.html|/tmp/opencode/worldtime/blog/it-utc-everything-guide|/tmp/opencode/worldtime/blog/it-utc-everything-guide.html
de/blog/index.html	/blog/it-world-clock-desk-setup	/tmp/opencode/worldtime/blog/it-world-clock-desk-setup/index.html|/tmp/opencode/worldtime/blog/it-world-clock-desk-setup|/tmp/opencode/worldtime/blog/it-world-clock-desk-setup.html
de/blog/index.html	/blog/ja-best-meeting-times-remote-teams	/tmp/opencode/worldtime/blog/ja-best-meeting-times-remote-teams/index.html|/tmp/opencode/worldtime/blog/ja-best-meeting-times-remote-teams|/tmp/opencode/worldtime/blog/ja-best-meeting-times-remote-teams.html
de/blog/index.html	/blog/ja-daylight-saving-2026-prep	/tmp/opencode/worldtime/blog/ja-daylight-saving-2026-prep/index.html|/tmp/opencode/worldtime/blog/ja-daylight-saving-2026-prep|/tmp/opencode/worldtime/blog/ja-daylight-saving-2026-prep.html
de/blog/index.html	/blog/ja-schedule-online-classes-time-zones	/tmp/opencode/worldtime/blog/ja-schedule-online-classes-time-zones/index.html|/tmp/opencode/worldtime/blog/ja-schedule-online-classes-time-zones|/tmp/opencode/worldtime/blog/ja-schedule-online-classes-time-zones.html
de/blog/index.html	/blog/ja-utc-everything-guide	/tmp/opencode/worldtime/blog/ja-utc-everything-guide/index.html|/tmp/opencode/worldtime/blog/ja-utc-everything-guide|/tmp/opencode/worldtime/blog/ja-utc-everything-guide.html
de/blog/index.html	/blog/ja-world-clock-desk-setup	/tmp/opencode/worldtime/blog/ja-world-clock-desk-setup/index.html|/tmp/opencode/worldtime/blog/ja-world-clock-desk-setup|/tmp/opencode/worldtime/blog/ja-world-clock-desk-setup.html
de/blog/index.html	/blog/ru-best-meeting-times-remote-teams	/tmp/opencode/worldtime/blog/ru-best-meeting-times-remote-teams/index.html|/tmp/opencode/worldtime/blog/ru-best-meeting-times-remote-teams|/tmp/opencode/worldtime/blog/ru-best-meeting-times-remote-teams.html
de/blog/index.html	/blog/ru-daylight-saving-2026-prep	/tmp/opencode/worldtime/blog/ru-daylight-saving-2026-prep/index.html|/tmp/opencode/worldtime/blog/ru-daylight-saving-2026-prep|/tmp/opencode/worldtime/blog/ru-daylight-saving-2026-prep.html
de/blog/index.html	/blog/ru-schedule-online-classes-time-zones	/tmp/opencode/worldtime/blog/ru-schedule-online-classes-time-zones/index.html|/tmp/opencode/worldtime/blog/ru-schedule-online-classes-time-zones|/tmp/opencode/worldtime/blog/ru-schedule-online-classes-time-zones.html
de/blog/index.html	/blog/ru-utc-everything-guide	/tmp/opencode/worldtime/blog/ru-utc-everything-guide/index.html|/tmp/opencode/worldtime/blog/ru-utc-everything-guide|/tmp/opencode/worldtime/blog/ru-utc-everything-guide.html
de/blog/index.html	/blog/ru-world-clock-desk-setup	/tmp/opencode/worldtime/blog/ru-world-clock-desk-setup/index.html|/tmp/opencode/worldtime/blog/ru-world-clock-desk-setup|/tmp/opencode/worldtime/blog/ru-world-clock-desk-setup.html
de/blog/index.html	/blog/uk-best-meeting-times-remote-teams	/tmp/opencode/worldtime/blog/uk-best-meeting-times-remote-teams/index.html|/tmp/opencode/worldtime/blog/uk-best-meeting-times-remote-teams|/tmp/opencode/worldtime/blog/uk-best-meeting-times-remote-teams.html
de/blog/index.html	/blog/uk-daylight-saving-2026-prep	/tmp/opencode/worldtime/blog/uk-daylight-saving-2026-prep/index.html|/tmp/opencode/worldtime/blog/uk-daylight-saving-2026-prep|/tmp/opencode/worldtime/blog/uk-daylight-saving-2026-prep.html
de/blog/index.html	/blog/uk-schedule-online-classes-time-zones	/tmp/opencode/worldtime/blog/uk-schedule-online-classes-time-zones/index.html|/tmp/opencode/worldtime/blog/uk-schedule-online-classes-time-zones|/tmp/opencode/worldtime/blog/uk-schedule-online-classes-time-zones.html
de/blog/index.html	/blog/uk-utc-everything-guide	/tmp/opencode/worldtime/blog/uk-utc-everything-guide/index.html|/tmp/opencode/worldtime/blog/uk-utc-everything-guide|/tmp/opencode/worldtime/blog/uk-utc-everything-guide.html
de/blog/index.html	/blog/uk-world-clock-desk-setup	/tmp/opencode/worldtime/blog/uk-world-clock-desk-setup/index.html|/tmp/opencode/worldtime/blog/uk-world-clock-desk-setup|/tmp/opencode/worldtime/blog/uk-world-clock-desk-setup.html
de/blog/index.html	/blog/zh-best-meeting-times-remote-teams	/tmp/opencode/worldtime/blog/zh-best-meeting-times-remote-teams/index.html|/tmp/opencode/worldtime/blog/zh-best-meeting-times-remote-teams|/tmp/opencode/worldtime/blog/zh-best-meeting-times-remote-teams.html
de/blog/index.html	/blog/zh-daylight-saving-2026-prep	/tmp/opencode/worldtime/blog/zh-daylight-saving-2026-prep/index.html|/tmp/opencode/worldtime/blog/zh-daylight-saving-2026-prep|/tmp/opencode/worldtime/blog/zh-daylight-saving-2026-prep.html
de/blog/index.html	/blog/zh-schedule-online-classes-time-zones	/tmp/opencode/worldtime/blog/zh-schedule-online-classes-time-zones/index.html|/tmp/opencode/worldtime/blog/zh-schedule-online-classes-time-zones|/tmp/opencode/worldtime/blog/zh-schedule-online-classes-time-zones.html
de/blog/index.html	/blog/zh-utc-everything-guide	/tmp/opencode/worldtime/blog/zh-utc-everything-guide/index.html|/tmp/opencode/worldtime/blog/zh-utc-everything-guide|/tmp/opencode/worldtime/blog/zh-utc-everything-guide.html
de/blog/index.html	/blog/zh-world-clock-desk-setup	/tmp/opencode/worldtime/blog/zh-world-clock-desk-setup/index.html|/tmp/opencode/worldtime/blog/zh-world-clock-desk-setup|/tmp/opencode/worldtime/blog/zh-world-clock-desk-setup.html
de/blog/index.html	/blog/zz_scratch_manual	/tmp/opencode/worldtime/blog/zz_scratch_manual/index.html|/tmp/opencode/worldtime/blog/zz_scratch_manual|/tmp/opencode/worldtime/blog/zz_scratch_manual.html
de/blog/index.html	/blog/zz_scratch_script	/tmp/opencode/worldtime/blog/zz_scratch_script/index.html|/tmp/opencode/worldtime/blog/zz_scratch_script|/tmp/opencode/worldtime/blog/zz_scratch_script.html
de/blog/index.html	/de/how-it-works	/tmp/opencode/worldtime/de/how-it-works/index.html|/tmp/opencode/worldtime/de/how-it-works|/tmp/opencode/worldtime/de/how-it-works.html
de/index.html	/	/index.html|/tmp/opencode/worldtime|/tmp/opencode/worldtime/.html
de/index.html	/de/dst-2026-worldwide	/tmp/opencode/worldtime/de/dst-2026-worldwide/index.html|/tmp/opencode/worldtime/de/dst-2026-worldwide|/tmp/opencode/worldtime/de/dst-2026-worldwide.html
de/index.html	/de/remote-team-solutions	/tmp/opencode/worldtime/de/remote-team-solutions/index.html|/tmp/opencode/worldtime/de/remote-team-solutions|/tmp/opencode/worldtime/de/remote-team-solutions.html
de/index.html	/de/time/	/tmp/opencode/worldtime/de/time/index.html|/tmp/opencode/worldtime/de/time|/tmp/opencode/worldtime/de/time/.html
de/index.html	/de/time/sao-paulo	/tmp/opencode/worldtime/de/time/sao-paulo/index.html|/tmp/opencode/worldtime/de/time/sao-paulo|/tmp/opencode/worldtime/de/time/sao-paulo.html
dst-2026-worldwide.html	/	/index.html|/tmp/opencode/worldtime|/tmp/opencode/worldtime/.html
dst-countdown.html	/	/index.html|/tmp/opencode/worldtime|/tmp/opencode/worldtime/.html
earth-clock.html	/	/index.html|/tmp/opencode/worldtime|/tmp/opencode/worldtime/.html
earth-clock.html	/time/	/tmp/opencode/worldtime/time/index.html|/tmp/opencode/worldtime/time|/tmp/opencode/worldtime/time/.html
embed.html	/	/index.html|/tmp/opencode/worldtime|/tmp/opencode/worldtime/.html
es/blog/index.html	/	/index.html|/tmp/opencode/worldtime|/tmp/opencode/worldtime/.html
es/blog/index.html	/blog/de-best-meeting-times-remote-teams	/tmp/opencode/worldtime/blog/de-best-meeting-times-remote-teams/index.html|/tmp/opencode/worldtime/blog/de-best-meeting-times-remote-teams|/tmp/opencode/worldtime/blog/de-best-meeting-times-remote-teams.html
es/blog/index.html	/blog/de-daylight-saving-2026-prep	/tmp/opencode/worldtime/blog/de-daylight-saving-2026-prep/index.html|/tmp/opencode/worldtime/blog/de-daylight-saving-2026-prep|/tmp/opencode/worldtime/blog/de-daylight-saving-2026-prep.html
es/blog/index.html	/blog/de-schedule-online-classes-time-zones	/tmp/opencode/worldtime/blog/de-schedule-online-classes-time-zones/index.html|/tmp/opencode/worldtime/blog/de-schedule-online-classes-time-zones|/tmp/opencode/worldtime/blog/de-schedule-online-classes-time-zones.html
es/blog/index.html	/blog/de-utc-everything-guide	/tmp/opencode/worldtime/blog/de-utc-everything-guide/index.html|/tmp/opencode/worldtime/blog/de-utc-everything-guide|/tmp/opencode/worldtime/blog/de-utc-everything-guide.html
es/blog/index.html	/blog/de-world-clock-desk-setup	/tmp/opencode/worldtime/blog/de-world-clock-desk-setup/index.html|/tmp/opencode/worldtime/blog/de-world-clock-desk-setup|/tmp/opencode/worldtime/blog/de-world-clock-desk-setup.html
es/blog/index.html	/blog/es-best-meeting-times-remote-teams	/tmp/opencode/worldtime/blog/es-best-meeting-times-remote-teams/index.html|/tmp/opencode/worldtime/blog/es-best-meeting-times-remote-teams|/tmp/opencode/worldtime/blog/es-best-meeting-times-remote-teams.html
es/blog/index.html	/blog/es-daylight-saving-2026-prep	/tmp/opencode/worldtime/blog/es-daylight-saving-2026-prep/index.html|/tmp/opencode/worldtime/blog/es-daylight-saving-2026-prep|/tmp/opencode/worldtime/blog/es-daylight-saving-2026-prep.html
es/blog/index.html	/blog/es-schedule-online-classes-time-zones	/tmp/opencode/worldtime/blog/es-schedule-online-classes-time-zones/index.html|/tmp/opencode/worldtime/blog/es-schedule-online-classes-time-zones|/tmp/opencode/worldtime/blog/es-schedule-online-classes-time-zones.html
es/blog/index.html	/blog/es-utc-everything-guide	/tmp/opencode/worldtime/blog/es-utc-everything-guide/index.html|/tmp/opencode/worldtime/blog/es-utc-everything-guide|/tmp/opencode/worldtime/blog/es-utc-everything-guide.html
es/blog/index.html	/blog/es-world-clock-desk-setup	/tmp/opencode/worldtime/blog/es-world-clock-desk-setup/index.html|/tmp/opencode/worldtime/blog/es-world-clock-desk-setup|/tmp/opencode/worldtime/blog/es-world-clock-desk-setup.html
es/blog/index.html	/blog/fr-best-meeting-times-remote-teams	/tmp/opencode/worldtime/blog/fr-best-meeting-times-remote-teams/index.html|/tmp/opencode/worldtime/blog/fr-best-meeting-times-remote-teams|/tmp/opencode/worldtime/blog/fr-best-meeting-times-remote-teams.html
es/blog/index.html	/blog/fr-daylight-saving-2026-prep	/tmp/opencode/worldtime/blog/fr-daylight-saving-2026-prep/index.html|/tmp/opencode/worldtime/blog/fr-daylight-saving-2026-prep|/tmp/opencode/worldtime/blog/fr-daylight-saving-2026-prep.html
es/blog/index.html	/blog/fr-schedule-online-classes-time-zones	/tmp/opencode/worldtime/blog/fr-schedule-online-classes-time-zones/index.html|/tmp/opencode/worldtime/blog/fr-schedule-online-classes-time-zones|/tmp/opencode/worldtime/blog/fr-schedule-online-classes-time-zones.html
es/blog/index.html	/blog/fr-utc-everything-guide	/tmp/opencode/worldtime/blog/fr-utc-everything-guide/index.html|/tmp/opencode/worldtime/blog/fr-utc-everything-guide|/tmp/opencode/worldtime/blog/fr-utc-everything-guide.html
es/blog/index.html	/blog/fr-world-clock-desk-setup	/tmp/opencode/worldtime/blog/fr-world-clock-desk-setup/index.html|/tmp/opencode/worldtime/blog/fr-world-clock-desk-setup|/tmp/opencode/worldtime/blog/fr-world-clock-desk-setup.html
es/blog/index.html	/blog/it-best-meeting-times-remote-teams	/tmp/opencode/worldtime/blog/it-best-meeting-times-remote-teams/index.html|/tmp/opencode/worldtime/blog/it-best-meeting-times-remote-teams|/tmp/opencode/worldtime/blog/it-best-meeting-times-remote-teams.html
es/blog/index.html	/blog/it-daylight-saving-2026-prep	/tmp/opencode/worldtime/blog/it-daylight-saving-2026-prep/index.html|/tmp/opencode/worldtime/blog/it-daylight-saving-2026-prep|/tmp/opencode/worldtime/blog/it-daylight-saving-2026-prep.html
es/blog/index.html	/blog/it-schedule-online-classes-time-zones	/tmp/opencode/worldtime/blog/it-schedule-online-classes-time-zones/index.html|/tmp/opencode/worldtime/blog/it-schedule-online-classes-time-zones|/tmp/opencode/worldtime/blog/it-schedule-online-classes-time-zones.html
es/blog/index.html	/blog/it-utc-everything-guide	/tmp/opencode/worldtime/blog/it-utc-everything-guide/index.html|/tmp/opencode/worldtime/blog/it-utc-everything-guide|/tmp/opencode/worldtime/blog/it-utc-everything-guide.html
es/blog/index.html	/blog/it-world-clock-desk-setup	/tmp/opencode/worldtime/blog/it-world-clock-desk-setup/index.html|/tmp/opencode/worldtime/blog/it-world-clock-desk-setup|/tmp/opencode/worldtime/blog/it-world-clock-desk-setup.html
es/blog/index.html	/blog/ja-best-meeting-times-remote-teams	/tmp/opencode/worldtime/blog/ja-best-meeting-times-remote-teams/index.html|/tmp/opencode/worldtime/blog/ja-best-meeting-times-remote-teams|/tmp/opencode/worldtime/blog/ja-best-meeting-times-remote-teams.html
es/blog/index.html	/blog/ja-daylight-saving-2026-prep	/tmp/opencode/worldtime/blog/ja-daylight-saving-2026-prep/index.html|/tmp/opencode/worldtime/blog/ja-daylight-saving-2026-prep|/tmp/opencode/worldtime/blog/ja-daylight-saving-2026-prep.html
es/blog/index.html	/blog/ja-schedule-online-classes-time-zones	/tmp/opencode/worldtime/blog/ja-schedule-online-classes-time-zones/index.html|/tmp/opencode/worldtime/blog/ja-schedule-online-classes-time-zones|/tmp/opencode/worldtime/blog/ja-schedule-online-classes-time-zones.html
es/blog/index.html	/blog/ja-utc-everything-guide	/tmp/opencode/worldtime/blog/ja-utc-everything-guide/index.html|/tmp/opencode/worldtime/blog/ja-utc-everything-guide|/tmp/opencode/worldtime/blog/ja-utc-everything-guide.html
es/blog/index.html	/blog/ja-world-clock-desk-setup	/tmp/opencode/worldtime/blog/ja-world-clock-desk-setup/index.html|/tmp/opencode/worldtime/blog/ja-world-clock-desk-setup|/tmp/opencode/worldtime/blog/ja-world-clock-desk-setup.html
es/blog/index.html	/blog/ru-best-meeting-times-remote-teams	/tmp/opencode/worldtime/blog/ru-best-meeting-times-remote-teams/index.html|/tmp/opencode/worldtime/blog/ru-best-meeting-times-remote-teams|/tmp/opencode/worldtime/blog/ru-best-meeting-times-remote-teams.html
es/blog/index.html	/blog/ru-daylight-saving-2026-prep	/tmp/opencode/worldtime/blog/ru-daylight-saving-2026-prep/index.html|/tmp/opencode/worldtime/blog/ru-daylight-saving-2026-prep|/tmp/opencode/worldtime/blog/ru-daylight-saving-2026-prep.html
es/blog/index.html	/blog/ru-schedule-online-classes-time-zones	/tmp/opencode/worldtime/blog/ru-schedule-online-classes-time-zones/index.html|/tmp/opencode/worldtime/blog/ru-schedule-online-classes-time-zones|/tmp/opencode/worldtime/blog/ru-schedule-online-classes-time-zones.html
es/blog/index.html	/blog/ru-utc-everything-guide	/tmp/opencode/worldtime/blog/ru-utc-everything-guide/index.html|/tmp/opencode/worldtime/blog/ru-utc-everything-guide|/tmp/opencode/worldtime/blog/ru-utc-everything-guide.html
es/blog/index.html	/blog/ru-world-clock-desk-setup	/tmp/opencode/worldtime/blog/ru-world-clock-desk-setup/index.html|/tmp/opencode/worldtime/blog/ru-world-clock-desk-setup|/tmp/opencode/worldtime/blog/ru-world-clock-desk-setup.html
es/blog/index.html	/blog/uk-best-meeting-times-remote-teams	/tmp/opencode/worldtime/blog/uk-best-meeting-times-remote-teams/index.html|/tmp/opencode/worldtime/blog/uk-best-meeting-times-remote-teams|/tmp/opencode/worldtime/blog/uk-best-meeting-times-remote-teams.html
es/blog/index.html	/blog/uk-daylight-saving-2026-prep	/tmp/opencode/worldtime/blog/uk-daylight-saving-2026-prep/index.html|/tmp/opencode/worldtime/blog/uk-daylight-saving-2026-prep|/tmp/opencode/worldtime/blog/uk-daylight-saving-2026-prep.html
es/blog/index.html	/blog/uk-schedule-online-classes-time-zones	/tmp/opencode/worldtime/blog/uk-schedule-online-classes-time-zones/index.html|/tmp/opencode/worldtime/blog/uk-schedule-online-classes-time-zones|/tmp/opencode/worldtime/blog/uk-schedule-online-classes-time-zones.html
es/blog/index.html	/blog/uk-utc-everything-guide	/tmp/opencode/worldtime/blog/uk-utc-everything-guide/index.html|/tmp/opencode/worldtime/blog/uk-utc-everything-guide|/tmp/opencode/worldtime/blog/uk-utc-everything-guide.html
es/blog/index.html	/blog/uk-world-clock-desk-setup	/tmp/opencode/worldtime/blog/uk-world-clock-desk-setup/index.html|/tmp/opencode/worldtime/blog/uk-world-clock-desk-setup|/tmp/opencode/worldtime/blog/uk-world-clock-desk-setup.html
es/blog/index.html	/blog/zh-best-meeting-times-remote-teams	/tmp/opencode/worldtime/blog/zh-best-meeting-times-remote-teams/index.html|/tmp/opencode/worldtime/blog/zh-best-meeting-times-remote-teams|/tmp/opencode/worldtime/blog/zh-best-meeting-times-remote-teams.html
es/blog/index.html	/blog/zh-daylight-saving-2026-prep	/tmp/opencode/worldtime/blog/zh-daylight-saving-2026-prep/index.html|/tmp/opencode/worldtime/blog/zh-daylight-saving-2026-prep|/tmp/opencode/worldtime/blog/zh-daylight-saving-2026-prep.html
es/blog/index.html	/blog/zh-schedule-online-classes-time-zones	/tmp/opencode/worldtime/blog/zh-schedule-online-classes-time-zones/index.html|/tmp/opencode/worldtime/blog/zh-schedule-online-classes-time-zones|/tmp/opencode/worldtime/blog/zh-schedule-online-classes-time-zones.html
es/blog/index.html	/blog/zh-utc-everything-guide	/tmp/opencode/worldtime/blog/zh-utc-everything-guide/index.html|/tmp/opencode/worldtime/blog/zh-utc-everything-guide|/tmp/opencode/worldtime/blog/zh-utc-everything-guide.html
es/blog/index.html	/blog/zh-world-clock-desk-setup	/tmp/opencode/worldtime/blog/zh-world-clock-desk-setup/index.html|/tmp/opencode/worldtime/blog/zh-world-clock-desk-setup|/tmp/opencode/worldtime/blog/zh-world-clock-desk-setup.html
es/blog/index.html	/blog/zz_scratch_manual	/tmp/opencode/worldtime/blog/zz_scratch_manual/index.html|/tmp/opencode/worldtime/blog/zz_scratch_manual|/tmp/opencode/worldtime/blog/zz_scratch_manual.html
es/blog/index.html	/blog/zz_scratch_script	/tmp/opencode/worldtime/blog/zz_scratch_script/index.html|/tmp/opencode/worldtime/blog/zz_scratch_script|/tmp/opencode/worldtime/blog/zz_scratch_script.html
es/blog/index.html	/es/how-it-works	/tmp/opencode/worldtime/es/how-it-works/index.html|/tmp/opencode/worldtime/es/how-it-works|/tmp/opencode/worldtime/es/how-it-works.html
es/country/afghanistan.html	/	/index.html|/tmp/opencode/worldtime|/tmp/opencode/worldtime/.html
es/country/afghanistan.html	/time/herat	/tmp/opencode/worldtime/time/herat/index.html|/tmp/opencode/worldtime/time/herat|/tmp/opencode/worldtime/time/herat.html
es/country/afghanistan.html	/time/kabul	/tmp/opencode/worldtime/time/kabul/index.html|/tmp/opencode/worldtime/time/kabul|/tmp/opencode/worldtime/time/kabul.html
es/country/afghanistan.html	/time/kandahar	/tmp/opencode/worldtime/time/kandahar/index.html|/tmp/opencode/worldtime/time/kandahar|/tmp/opencode/worldtime/time/kandahar.html
es/country/afghanistan.html	/time/mazar-i-sharif	/tmp/opencode/worldtime/time/mazar-i-sharif/index.html|/tmp/opencode/worldtime/time/mazar-i-sharif|/tmp/opencode/worldtime/time/mazar-i-sharif.html
es/country/argentina.html	/	/index.html|/tmp/opencode/worldtime|/tmp/opencode/worldtime/.html
es/country/australia.html	/	/index.html|/tmp/opencode/worldtime|/tmp/opencode/worldtime/.html
es/country/austria.html	/	/index.html|/tmp/opencode/worldtime|/tmp/opencode/worldtime/.html
es/country/bangladesh.html	/	/index.html|/tmp/opencode/worldtime|/tmp/opencode/worldtime/.html
es/country/belgium.html	/	/index.html|/tmp/opencode/worldtime|/tmp/opencode/worldtime/.html
es/country/bhutan.html	/	/index.html|/tmp/opencode/worldtime|/tmp/opencode/worldtime/.html
es/country/bhutan.html	/time/phuntsholing	/tmp/opencode/worldtime/time/phuntsholing/index.html|/tmp/opencode/worldtime/time/phuntsholing|/tmp/opencode/worldtime/time/phuntsholing.html
es/country/bhutan.html	/time/punakha	/tmp/opencode/worldtime/time/punakha/index.html|/tmp/opencode/worldtime/time/punakha|/tmp/opencode/worldtime/time/punakha.html
es/country/brazil.html	/	/index.html|/tmp/opencode/worldtime|/tmp/opencode/worldtime/.html
es/country/brazil.html	/time/belo-horizonte	/tmp/opencode/worldtime/time/belo-horizonte/index.html|/tmp/opencode/worldtime/time/belo-horizonte|/tmp/opencode/worldtime/time/belo-horizonte.html
es/country/brazil.html	/time/brasilia	/tmp/opencode/worldtime/time/brasilia/index.html|/tmp/opencode/worldtime/time/brasilia|/tmp/opencode/worldtime/time/brasilia.html
es/country/brazil.html	/time/salvador	/tmp/opencode/worldtime/time/salvador/index.html|/tmp/opencode/worldtime/time/salvador|/tmp/opencode/worldtime/time/salvador.html
es/country/brazil.html	/time/sao-paulo	/tmp/opencode/worldtime/time/sao-paulo/index.html|/tmp/opencode/worldtime/time/sao-paulo|/tmp/opencode/worldtime/time/sao-paulo.html
es/country/canada.html	/	/index.html|/tmp/opencode/worldtime|/tmp/opencode/worldtime/.html
es/country/chile.html	/	/index.html|/tmp/opencode/worldtime|/tmp/opencode/worldtime/.html
es/country/china.html	/	/index.html|/tmp/opencode/worldtime|/tmp/opencode/worldtime/.html
es/country/china.html	/time/xian	/tmp/opencode/worldtime/time/xian/index.html|/tmp/opencode/worldtime/time/xian|/tmp/opencode/worldtime/time/xian.html
es/country/colombia.html	/	/index.html|/tmp/opencode/worldtime|/tmp/opencode/worldtime/.html
es/country/cuba.html	/	/index.html|/tmp/opencode/worldtime|/tmp/opencode/worldtime/.html
es/country/cuba.html	/time/camaguey	/tmp/opencode/worldtime/time/camaguey/index.html|/tmp/opencode/worldtime/time/camaguey|/tmp/opencode/worldtime/time/camaguey.html
es/country/czech-republic.html	/	/index.html|/tmp/opencode/worldtime|/tmp/opencode/worldtime/.html
es/country/denmark.html	/	/index.html|/tmp/opencode/worldtime|/tmp/opencode/worldtime/.html
es/country/egypt.html	/	/index.html|/tmp/opencode/worldtime|/tmp/opencode/worldtime/.html
es/country/finland.html	/	/index.html|/tmp/opencode/worldtime|/tmp/opencode/worldtime/.html
es/country/france.html	/	/index.html|/tmp/opencode/worldtime|/tmp/opencode/worldtime/.html
es/country/france.html	/time/marseille	/tmp/opencode/worldtime/time/marseille/index.html|/tmp/opencode/worldtime/time/marseille|/tmp/opencode/worldtime/time/marseille.html
es/country/germany.html	/	/index.html|/tmp/opencode/worldtime|/tmp/opencode/worldtime/.html
es/country/greece.html	/	/index.html|/tmp/opencode/worldtime|/tmp/opencode/worldtime/.html
es/country/hungary.html	/	/index.html|/tmp/opencode/worldtime|/tmp/opencode/worldtime/.html
es/country/india.html	/	/index.html|/tmp/opencode/worldtime|/tmp/opencode/worldtime/.html
es/country/india.html	/time/delhi	/tmp/opencode/worldtime/time/delhi/index.html|/tmp/opencode/worldtime/time/delhi|/tmp/opencode/worldtime/time/delhi.html
es/country/indonesia.html	/	/index.html|/tmp/opencode/worldtime|/tmp/opencode/worldtime/.html
es/country/indonesia.html	/time/bali	/tmp/opencode/worldtime/time/bali/index.html|/tmp/opencode/worldtime/time/bali|/tmp/opencode/worldtime/time/bali.html
es/country/iran.html	/	/index.html|/tmp/opencode/worldtime|/tmp/opencode/worldtime/.html
es/country/ireland.html	/	/index.html|/tmp/opencode/worldtime|/tmp/opencode/worldtime/.html
es/country/ireland.html	/time/cork	/tmp/opencode/worldtime/time/cork/index.html|/tmp/opencode/worldtime/time/cork|/tmp/opencode/worldtime/time/cork.html
es/country/ireland.html	/time/limerick	/tmp/opencode/worldtime/time/limerick/index.html|/tmp/opencode/worldtime/time/limerick|/tmp/opencode/worldtime/time/limerick.html
es/country/israel.html	/	/index.html|/tmp/opencode/worldtime|/tmp/opencode/worldtime/.html
es/country/italy.html	/	/index.html|/tmp/opencode/worldtime|/tmp/opencode/worldtime/.html
es/country/japan.html	/	/index.html|/tmp/opencode/worldtime|/tmp/opencode/worldtime/.html
es/country/kazakhstan.html	/	/index.html|/tmp/opencode/worldtime|/tmp/opencode/worldtime/.html
es/country/kenya.html	/	/index.html|/tmp/opencode/worldtime|/tmp/opencode/worldtime/.html
es/country/malaysia.html	/	/index.html|/tmp/opencode/worldtime|/tmp/opencode/worldtime/.html
es/country/malaysia.html	/time/penang	/tmp/opencode/worldtime/time/penang/index.html|/tmp/opencode/worldtime/time/penang|/tmp/opencode/worldtime/time/penang.html
es/country/mexico.html	/	/index.html|/tmp/opencode/worldtime|/tmp/opencode/worldtime/.html
es/country/morocco.html	/	/index.html|/tmp/opencode/worldtime|/tmp/opencode/worldtime/.html
es/country/myanmar.html	/	/index.html|/tmp/opencode/worldtime|/tmp/opencode/worldtime/.html
es/country/myanmar.html	/time/naypyidaw	/tmp/opencode/worldtime/time/naypyidaw/index.html|/tmp/opencode/worldtime/time/naypyidaw|/tmp/opencode/worldtime/time/naypyidaw.html
es/country/nepal.html	/	/index.html|/tmp/opencode/worldtime|/tmp/opencode/worldtime/.html
es/country/nepal.html	/time/kathmandu	/tmp/opencode/worldtime/time/kathmandu/index.html|/tmp/opencode/worldtime/time/kathmandu|/tmp/opencode/worldtime/time/kathmandu.html
es/country/nepal.html	/time/lalitpur	/tmp/opencode/worldtime/time/lalitpur/index.html|/tmp/opencode/worldtime/time/lalitpur|/tmp/opencode/worldtime/time/lalitpur.html
es/country/netherlands.html	/	/index.html|/tmp/opencode/worldtime|/tmp/opencode/worldtime/.html
es/country/new-zealand.html	/	/index.html|/tmp/opencode/worldtime|/tmp/opencode/worldtime/.html
es/country/nigeria.html	/	/index.html|/tmp/opencode/worldtime|/tmp/opencode/worldtime/.html
es/country/north-korea.html	/	/index.html|/tmp/opencode/worldtime|/tmp/opencode/worldtime/.html
es/country/north-korea.html	/time/chongjin	/tmp/opencode/worldtime/time/chongjin/index.html|/tmp/opencode/worldtime/time/chongjin|/tmp/opencode/worldtime/time/chongjin.html
es/country/north-korea.html	/time/hamhung	/tmp/opencode/worldtime/time/hamhung/index.html|/tmp/opencode/worldtime/time/hamhung|/tmp/opencode/worldtime/time/hamhung.html
es/country/north-korea.html	/time/pyongyang	/tmp/opencode/worldtime/time/pyongyang/index.html|/tmp/opencode/worldtime/time/pyongyang|/tmp/opencode/worldtime/time/pyongyang.html
es/country/norway.html	/	/index.html|/tmp/opencode/worldtime|/tmp/opencode/worldtime/.html
es/country/pakistan.html	/	/index.html|/tmp/opencode/worldtime|/tmp/opencode/worldtime/.html
es/country/peru.html	/	/index.html|/tmp/opencode/worldtime|/tmp/opencode/worldtime/.html
es/country/philippines.html	/	/index.html|/tmp/opencode/worldtime|/tmp/opencode/worldtime/.html
es/country/poland.html	/	/index.html|/tmp/opencode/worldtime|/tmp/opencode/worldtime/.html
es/country/portugal.html	/	/index.html|/tmp/opencode/worldtime|/tmp/opencode/worldtime/.html
es/country/romania.html	/	/index.html|/tmp/opencode/worldtime|/tmp/opencode/worldtime/.html
es/country/russia.html	/	/index.html|/tmp/opencode/worldtime|/tmp/opencode/worldtime/.html
es/country/russia.html	/time/saint-petersburg	/tmp/opencode/worldtime/time/saint-petersburg/index.html|/tmp/opencode/worldtime/time/saint-petersburg|/tmp/opencode/worldtime/time/saint-petersburg.html
es/country/samoa.html	/	/index.html|/tmp/opencode/worldtime|/tmp/opencode/worldtime/.html
es/country/saudi-arabia.html	/	/index.html|/tmp/opencode/worldtime|/tmp/opencode/worldtime/.html
es/country/singapore.html	/	/index.html|/tmp/opencode/worldtime|/tmp/opencode/worldtime/.html
es/country/south-africa.html	/	/index.html|/tmp/opencode/worldtime|/tmp/opencode/worldtime/.html
es/country/south-korea.html	/	/index.html|/tmp/opencode/worldtime|/tmp/opencode/worldtime/.html
es/country/spain.html	/	/index.html|/tmp/opencode/worldtime|/tmp/opencode/worldtime/.html
es/country/sweden.html	/	/index.html|/tmp/opencode/worldtime|/tmp/opencode/worldtime/.html
es/country/switzerland.html	/	/index.html|/tmp/opencode/worldtime|/tmp/opencode/worldtime/.html
es/country/taiwan.html	/	/index.html|/tmp/opencode/worldtime|/tmp/opencode/worldtime/.html
es/country/thailand.html	/	/index.html|/tmp/opencode/worldtime|/tmp/opencode/worldtime/.html
es/country/tonga.html	/	/index.html|/tmp/opencode/worldtime|/tmp/opencode/worldtime/.html
es/country/turkey.html	/	/index.html|/tmp/opencode/worldtime|/tmp/opencode/worldtime/.html
es/country/turkmenistan.html	/	/index.html|/tmp/opencode/worldtime|/tmp/opencode/worldtime/.html
es/country/turkmenistan.html	/time/dashoguz	/tmp/opencode/worldtime/time/dashoguz/index.html|/tmp/opencode/worldtime/time/dashoguz|/tmp/opencode/worldtime/time/dashoguz.html
es/country/turkmenistan.html	/time/mary	/tmp/opencode/worldtime/time/mary/index.html|/tmp/opencode/worldtime/time/mary|/tmp/opencode/worldtime/time/mary.html
es/country/turkmenistan.html	/time/turkmenabat	/tmp/opencode/worldtime/time/turkmenabat/index.html|/tmp/opencode/worldtime/time/turkmenabat|/tmp/opencode/worldtime/time/turkmenabat.html
es/country/ukraine.html	/	/index.html|/tmp/opencode/worldtime|/tmp/opencode/worldtime/.html
es/country/united-arab-emirates.html	/	/index.html|/tmp/opencode/worldtime|/tmp/opencode/worldtime/.html
es/country/united-kingdom.html	/	/index.html|/tmp/opencode/worldtime|/tmp/opencode/worldtime/.html
es/country/united-states.html	/	/index.html|/tmp/opencode/worldtime|/tmp/opencode/worldtime/.html
es/country/uzbekistan.html	/	/index.html|/tmp/opencode/worldtime|/tmp/opencode/worldtime/.html
es/country/uzbekistan.html	/time/andijan	/tmp/opencode/worldtime/time/andijan/index.html|/tmp/opencode/worldtime/time/andijan|/tmp/opencode/worldtime/time/andijan.html
es/country/venezuela.html	/	/index.html|/tmp/opencode/worldtime|/tmp/opencode/worldtime/.html
es/country/vietnam.html	/	/index.html|/tmp/opencode/worldtime|/tmp/opencode/worldtime/.html
es/index.html	/	/index.html|/tmp/opencode/worldtime|/tmp/opencode/worldtime/.html
es/index.html	/es/dst-2026-worldwide	/tmp/opencode/worldtime/es/dst-2026-worldwide/index.html|/tmp/opencode/worldtime/es/dst-2026-worldwide|/tmp/opencode/worldtime/es/dst-2026-worldwide.html
es/index.html	/es/remote-team-solutions	/tmp/opencode/worldtime/es/remote-team-solutions/index.html|/tmp/opencode/worldtime/es/remote-team-solutions|/tmp/opencode/worldtime/es/remote-team-solutions.html
es/index.html	/es/time/	/tmp/opencode/worldtime/es/time/index.html|/tmp/opencode/worldtime/es/time|/tmp/opencode/worldtime/es/time/.html
es/index.html	/es/time/sao-paulo	/tmp/opencode/worldtime/es/time/sao-paulo/index.html|/tmp/opencode/worldtime/es/time/sao-paulo|/tmp/opencode/worldtime/es/time/sao-paulo.html
event.html	/	/index.html|/tmp/opencode/worldtime|/tmp/opencode/worldtime/.html
event.html	/time/' + c[0] + '	/tmp/opencode/worldtime/time/' + c[0] + '/index.html|/tmp/opencode/worldtime/time/' + c[0] + '|/tmp/opencode/worldtime/time/' + c[0] + '.html
every-second.html	/	/index.html|/tmp/opencode/worldtime|/tmp/opencode/worldtime/.html
fr/about.html	/	/index.html|/tmp/opencode/worldtime|/tmp/opencode/worldtime/.html
fr/blog/index.html	/	/index.html|/tmp/opencode/worldtime|/tmp/opencode/worldtime/.html
fr/blog/index.html	/blog/de-best-meeting-times-remote-teams	/tmp/opencode/worldtime/blog/de-best-meeting-times-remote-teams/index.html|/tmp/opencode/worldtime/blog/de-best-meeting-times-remote-teams|/tmp/opencode/worldtime/blog/de-best-meeting-times-remote-teams.html
fr/blog/index.html	/blog/de-daylight-saving-2026-prep	/tmp/opencode/worldtime/blog/de-daylight-saving-2026-prep/index.html|/tmp/opencode/worldtime/blog/de-daylight-saving-2026-prep|/tmp/opencode/worldtime/blog/de-daylight-saving-2026-prep.html
fr/blog/index.html	/blog/de-schedule-online-classes-time-zones	/tmp/opencode/worldtime/blog/de-schedule-online-classes-time-zones/index.html|/tmp/opencode/worldtime/blog/de-schedule-online-classes-time-zones|/tmp/opencode/worldtime/blog/de-schedule-online-classes-time-zones.html
fr/blog/index.html	/blog/de-utc-everything-guide	/tmp/opencode/worldtime/blog/de-utc-everything-guide/index.html|/tmp/opencode/worldtime/blog/de-utc-everything-guide|/tmp/opencode/worldtime/blog/de-utc-everything-guide.html
fr/blog/index.html	/blog/de-world-clock-desk-setup	/tmp/opencode/worldtime/blog/de-world-clock-desk-setup/index.html|/tmp/opencode/worldtime/blog/de-world-clock-desk-setup|/tmp/opencode/worldtime/blog/de-world-clock-desk-setup.html
fr/blog/index.html	/blog/es-best-meeting-times-remote-teams	/tmp/opencode/worldtime/blog/es-best-meeting-times-remote-teams/index.html|/tmp/opencode/worldtime/blog/es-best-meeting-times-remote-teams|/tmp/opencode/worldtime/blog/es-best-meeting-times-remote-teams.html
fr/blog/index.html	/blog/es-daylight-saving-2026-prep	/tmp/opencode/worldtime/blog/es-daylight-saving-2026-prep/index.html|/tmp/opencode/worldtime/blog/es-daylight-saving-2026-prep|/tmp/opencode/worldtime/blog/es-daylight-saving-2026-prep.html
fr/blog/index.html	/blog/es-schedule-online-classes-time-zones	/tmp/opencode/worldtime/blog/es-schedule-online-classes-time-zones/index.html|/tmp/opencode/worldtime/blog/es-schedule-online-classes-time-zones|/tmp/opencode/worldtime/blog/es-schedule-online-classes-time-zones.html
fr/blog/index.html	/blog/es-utc-everything-guide	/tmp/opencode/worldtime/blog/es-utc-everything-guide/index.html|/tmp/opencode/worldtime/blog/es-utc-everything-guide|/tmp/opencode/worldtime/blog/es-utc-everything-guide.html
fr/blog/index.html	/blog/es-world-clock-desk-setup	/tmp/opencode/worldtime/blog/es-world-clock-desk-setup/index.html|/tmp/opencode/worldtime/blog/es-world-clock-desk-setup|/tmp/opencode/worldtime/blog/es-world-clock-desk-setup.html
fr/blog/index.html	/blog/fr-best-meeting-times-remote-teams	/tmp/opencode/worldtime/blog/fr-best-meeting-times-remote-teams/index.html|/tmp/opencode/worldtime/blog/fr-best-meeting-times-remote-teams|/tmp/opencode/worldtime/blog/fr-best-meeting-times-remote-teams.html
fr/blog/index.html	/blog/fr-daylight-saving-2026-prep	/tmp/opencode/worldtime/blog/fr-daylight-saving-2026-prep/index.html|/tmp/opencode/worldtime/blog/fr-daylight-saving-2026-prep|/tmp/opencode/worldtime/blog/fr-daylight-saving-2026-prep.html
fr/blog/index.html	/blog/fr-schedule-online-classes-time-zones	/tmp/opencode/worldtime/blog/fr-schedule-online-classes-time-zones/index.html|/tmp/opencode/worldtime/blog/fr-schedule-online-classes-time-zones|/tmp/opencode/worldtime/blog/fr-schedule-online-classes-time-zones.html
fr/blog/index.html	/blog/fr-utc-everything-guide	/tmp/opencode/worldtime/blog/fr-utc-everything-guide/index.html|/tmp/opencode/worldtime/blog/fr-utc-everything-guide|/tmp/opencode/worldtime/blog/fr-utc-everything-guide.html
fr/blog/index.html	/blog/fr-world-clock-desk-setup	/tmp/opencode/worldtime/blog/fr-world-clock-desk-setup/index.html|/tmp/opencode/worldtime/blog/fr-world-clock-desk-setup|/tmp/opencode/worldtime/blog/fr-world-clock-desk-setup.html
fr/blog/index.html	/blog/it-best-meeting-times-remote-teams	/tmp/opencode/worldtime/blog/it-best-meeting-times-remote-teams/index.html|/tmp/opencode/worldtime/blog/it-best-meeting-times-remote-teams|/tmp/opencode/worldtime/blog/it-best-meeting-times-remote-teams.html
fr/blog/index.html	/blog/it-daylight-saving-2026-prep	/tmp/opencode/worldtime/blog/it-daylight-saving-2026-prep/index.html|/tmp/opencode/worldtime/blog/it-daylight-saving-2026-prep|/tmp/opencode/worldtime/blog/it-daylight-saving-2026-prep.html
fr/blog/index.html	/blog/it-schedule-online-classes-time-zones	/tmp/opencode/worldtime/blog/it-schedule-online-classes-time-zones/index.html|/tmp/opencode/worldtime/blog/it-schedule-online-classes-time-zones|/tmp/opencode/worldtime/blog/it-schedule-online-classes-time-zones.html
fr/blog/index.html	/blog/it-utc-everything-guide	/tmp/opencode/worldtime/blog/it-utc-everything-guide/index.html|/tmp/opencode/worldtime/blog/it-utc-everything-guide|/tmp/opencode/worldtime/blog/it-utc-everything-guide.html
fr/blog/index.html	/blog/it-world-clock-desk-setup	/tmp/opencode/worldtime/blog/it-world-clock-desk-setup/index.html|/tmp/opencode/worldtime/blog/it-world-clock-desk-setup|/tmp/opencode/worldtime/blog/it-world-clock-desk-setup.html
fr/blog/index.html	/blog/ja-best-meeting-times-remote-teams	/tmp/opencode/worldtime/blog/ja-best-meeting-times-remote-teams/index.html|/tmp/opencode/worldtime/blog/ja-best-meeting-times-remote-teams|/tmp/opencode/worldtime/blog/ja-best-meeting-times-remote-teams.html
fr/blog/index.html	/blog/ja-daylight-saving-2026-prep	/tmp/opencode/worldtime/blog/ja-daylight-saving-2026-prep/index.html|/tmp/opencode/worldtime/blog/ja-daylight-saving-2026-prep|/tmp/opencode/worldtime/blog/ja-daylight-saving-2026-prep.html
fr/blog/index.html	/blog/ja-schedule-online-classes-time-zones	/tmp/opencode/worldtime/blog/ja-schedule-online-classes-time-zones/index.html|/tmp/opencode/worldtime/blog/ja-schedule-online-classes-time-zones|/tmp/opencode/worldtime/blog/ja-schedule-online-classes-time-zones.html
fr/blog/index.html	/blog/ja-utc-everything-guide	/tmp/opencode/worldtime/blog/ja-utc-everything-guide/index.html|/tmp/opencode/worldtime/blog/ja-utc-everything-guide|/tmp/opencode/worldtime/blog/ja-utc-everything-guide.html
fr/blog/index.html	/blog/ja-world-clock-desk-setup	/tmp/opencode/worldtime/blog/ja-world-clock-desk-setup/index.html|/tmp/opencode/worldtime/blog/ja-world-clock-desk-setup|/tmp/opencode/worldtime/blog/ja-world-clock-desk-setup.html
fr/blog/index.html	/blog/ru-best-meeting-times-remote-teams	/tmp/opencode/worldtime/blog/ru-best-meeting-times-remote-teams/index.html|/tmp/opencode/worldtime/blog/ru-best-meeting-times-remote-teams|/tmp/opencode/worldtime/blog/ru-best-meeting-times-remote-teams.html
fr/blog/index.html	/blog/ru-daylight-saving-2026-prep	/tmp/opencode/worldtime/blog/ru-daylight-saving-2026-prep/index.html|/tmp/opencode/worldtime/blog/ru-daylight-saving-2026-prep|/tmp/opencode/worldtime/blog/ru-daylight-saving-2026-prep.html
fr/blog/index.html	/blog/ru-schedule-online-classes-time-zones	/tmp/opencode/worldtime/blog/ru-schedule-online-classes-time-zones/index.html|/tmp/opencode/worldtime/blog/ru-schedule-online-classes-time-zones|/tmp/opencode/worldtime/blog/ru-schedule-online-classes-time-zones.html
fr/blog/index.html	/blog/ru-utc-everything-guide	/tmp/opencode/worldtime/blog/ru-utc-everything-guide/index.html|/tmp/opencode/worldtime/blog/ru-utc-everything-guide|/tmp/opencode/worldtime/blog/ru-utc-everything-guide.html
fr/blog/index.html	/blog/ru-world-clock-desk-setup	/tmp/opencode/worldtime/blog/ru-world-clock-desk-setup/index.html|/tmp/opencode/worldtime/blog/ru-world-clock-desk-setup|/tmp/opencode/worldtime/blog/ru-world-clock-desk-setup.html
fr/blog/index.html	/blog/uk-best-meeting-times-remote-teams	/tmp/opencode/worldtime/blog/uk-best-meeting-times-remote-teams/index.html|/tmp/opencode/worldtime/blog/uk-best-meeting-times-remote-teams|/tmp/opencode/worldtime/blog/uk-best-meeting-times-remote-teams.html
fr/blog/index.html	/blog/uk-daylight-saving-2026-prep	/tmp/opencode/worldtime/blog/uk-daylight-saving-2026-prep/index.html|/tmp/opencode/worldtime/blog/uk-daylight-saving-2026-prep|/tmp/opencode/worldtime/blog/uk-daylight-saving-2026-prep.html
fr/blog/index.html	/blog/uk-schedule-online-classes-time-zones	/tmp/opencode/worldtime/blog/uk-schedule-online-classes-time-zones/index.html|/tmp/opencode/worldtime/blog/uk-schedule-online-classes-time-zones|/tmp/opencode/worldtime/blog/uk-schedule-online-classes-time-zones.html
fr/blog/index.html	/blog/uk-utc-everything-guide	/tmp/opencode/worldtime/blog/uk-utc-everything-guide/index.html|/tmp/opencode/worldtime/blog/uk-utc-everything-guide|/tmp/opencode/worldtime/blog/uk-utc-everything-guide.html
fr/blog/index.html	/blog/uk-world-clock-desk-setup	/tmp/opencode/worldtime/blog/uk-world-clock-desk-setup/index.html|/tmp/opencode/worldtime/blog/uk-world-clock-desk-setup|/tmp/opencode/worldtime/blog/uk-world-clock-desk-setup.html
fr/blog/index.html	/blog/zh-best-meeting-times-remote-teams	/tmp/opencode/worldtime/blog/zh-best-meeting-times-remote-teams/index.html|/tmp/opencode/worldtime/blog/zh-best-meeting-times-remote-teams|/tmp/opencode/worldtime/blog/zh-best-meeting-times-remote-teams.html
fr/blog/index.html	/blog/zh-daylight-saving-2026-prep	/tmp/opencode/worldtime/blog/zh-daylight-saving-2026-prep/index.html|/tmp/opencode/worldtime/blog/zh-daylight-saving-2026-prep|/tmp/opencode/worldtime/blog/zh-daylight-saving-2026-prep.html
fr/blog/index.html	/blog/zh-schedule-online-classes-time-zones	/tmp/opencode/worldtime/blog/zh-schedule-online-classes-time-zones/index.html|/tmp/opencode/worldtime/blog/zh-schedule-online-classes-time-zones|/tmp/opencode/worldtime/blog/zh-schedule-online-classes-time-zones.html
fr/blog/index.html	/blog/zh-utc-everything-guide	/tmp/opencode/worldtime/blog/zh-utc-everything-guide/index.html|/tmp/opencode/worldtime/blog/zh-utc-everything-guide|/tmp/opencode/worldtime/blog/zh-utc-everything-guide.html
fr/blog/index.html	/blog/zh-world-clock-desk-setup	/tmp/opencode/worldtime/blog/zh-world-clock-desk-setup/index.html|/tmp/opencode/worldtime/blog/zh-world-clock-desk-setup|/tmp/opencode/worldtime/blog/zh-world-clock-desk-setup.html
fr/blog/index.html	/blog/zz_scratch_manual	/tmp/opencode/worldtime/blog/zz_scratch_manual/index.html|/tmp/opencode/worldtime/blog/zz_scratch_manual|/tmp/opencode/worldtime/blog/zz_scratch_manual.html
fr/blog/index.html	/blog/zz_scratch_script	/tmp/opencode/worldtime/blog/zz_scratch_script/index.html|/tmp/opencode/worldtime/blog/zz_scratch_script|/tmp/opencode/worldtime/blog/zz_scratch_script.html
fr/blog/index.html	/fr/how-it-works	/tmp/opencode/worldtime/fr/how-it-works/index.html|/tmp/opencode/worldtime/fr/how-it-works|/tmp/opencode/worldtime/fr/how-it-works.html
fr/contact.html	/	/index.html|/tmp/opencode/worldtime|/tmp/opencode/worldtime/.html
fr/index.html	/	/index.html|/tmp/opencode/worldtime|/tmp/opencode/worldtime/.html
fr/index.html	/time/abbottabad	/tmp/opencode/worldtime/time/abbottabad/index.html|/tmp/opencode/worldtime/time/abbottabad|/tmp/opencode/worldtime/time/abbottabad.html
fr/index.html	/time/abudhabi	/tmp/opencode/worldtime/time/abudhabi/index.html|/tmp/opencode/worldtime/time/abudhabi|/tmp/opencode/worldtime/time/abudhabi.html
fr/index.html	/time/antalya	/tmp/opencode/worldtime/time/antalya/index.html|/tmp/opencode/worldtime/time/antalya|/tmp/opencode/worldtime/time/antalya.html
fr/index.html	/time/attock	/tmp/opencode/worldtime/time/attock/index.html|/tmp/opencode/worldtime/time/attock|/tmp/opencode/worldtime/time/attock.html
fr/index.html	/time/bahawalpur	/tmp/opencode/worldtime/time/bahawalpur/index.html|/tmp/opencode/worldtime/time/bahawalpur|/tmp/opencode/worldtime/time/bahawalpur.html
fr/index.html	/time/bahrain	/tmp/opencode/worldtime/time/bahrain/index.html|/tmp/opencode/worldtime/time/bahrain|/tmp/opencode/worldtime/time/bahrain.html
fr/index.html	/time/bannu	/tmp/opencode/worldtime/time/bannu/index.html|/tmp/opencode/worldtime/time/bannu|/tmp/opencode/worldtime/time/bannu.html
fr/index.html	/time/bhaktapur	/tmp/opencode/worldtime/time/bhaktapur/index.html|/tmp/opencode/worldtime/time/bhaktapur|/tmp/opencode/worldtime/time/bhaktapur.html
fr/index.html	/time/bharatpur	/tmp/opencode/worldtime/time/bharatpur/index.html|/tmp/opencode/worldtime/time/bharatpur|/tmp/opencode/worldtime/time/bharatpur.html
fr/index.html	/time/biratnagar	/tmp/opencode/worldtime/time/biratnagar/index.html|/tmp/opencode/worldtime/time/biratnagar|/tmp/opencode/worldtime/time/biratnagar.html
fr/index.html	/time/birgunj	/tmp/opencode/worldtime/time/birgunj/index.html|/tmp/opencode/worldtime/time/birgunj|/tmp/opencode/worldtime/time/birgunj.html
fr/index.html	/time/butwal	/tmp/opencode/worldtime/time/butwal/index.html|/tmp/opencode/worldtime/time/butwal|/tmp/opencode/worldtime/time/butwal.html
fr/index.html	/time/chiang-ray	/tmp/opencode/worldtime/time/chiang-ray/index.html|/tmp/opencode/worldtime/time/chiang-ray|/tmp/opencode/worldtime/time/chiang-ray.html
fr/index.html	/time/colombo	/tmp/opencode/worldtime/time/colombo/index.html|/tmp/opencode/worldtime/time/colombo|/tmp/opencode/worldtime/time/colombo.html
fr/index.html	/time/damascus	/tmp/opencode/worldtime/time/damascus/index.html|/tmp/opencode/worldtime/time/damascus|/tmp/opencode/worldtime/time/damascus.html
fr/index.html	/time/dera-ghazi-khan	/tmp/opencode/worldtime/time/dera-ghazi-khan/index.html|/tmp/opencode/worldtime/time/dera-ghazi-khan|/tmp/opencode/worldtime/time/dera-ghazi-khan.html
fr/index.html	/time/dera-ismail-khan	/tmp/opencode/worldtime/time/dera-ismail-khan/index.html|/tmp/opencode/worldtime/time/dera-ismail-khan|/tmp/opencode/worldtime/time/dera-ismail-khan.html
fr/index.html	/time/dera-murad-jamali	/tmp/opencode/worldtime/time/dera-murad-jamali/index.html|/tmp/opencode/worldtime/time/dera-murad-jamali|/tmp/opencode/worldtime/time/dera-murad-jamali.html
fr/index.html	/time/dharan	/tmp/opencode/worldtime/time/dharan/index.html|/tmp/opencode/worldtime/time/dharan|/tmp/opencode/worldtime/time/dharan.html
fr/index.html	/time/dushanbe	/tmp/opencode/worldtime/time/dushanbe/index.html|/tmp/opencode/worldtime/time/dushanbe|/tmp/opencode/worldtime/time/dushanbe.html
fr/index.html	/time/fiji	/tmp/opencode/worldtime/time/fiji/index.html|/tmp/opencode/worldtime/time/fiji|/tmp/opencode/worldtime/time/fiji.html
fr/index.html	/time/galle	/tmp/opencode/worldtime/time/galle/index.html|/tmp/opencode/worldtime/time/galle|/tmp/opencode/worldtime/time/galle.html
fr/index.html	/time/guam	/tmp/opencode/worldtime/time/guam/index.html|/tmp/opencode/worldtime/time/guam|/tmp/opencode/worldtime/time/guam.html
fr/index.html	/time/gwadar	/tmp/opencode/worldtime/time/gwadar/index.html|/tmp/opencode/worldtime/time/gwadar|/tmp/opencode/worldtime/time/gwadar.html
fr/index.html	/time/hafizabad	/tmp/opencode/worldtime/time/hafizabad/index.html|/tmp/opencode/worldtime/time/hafizabad|/tmp/opencode/worldtime/time/hafizabad.html
fr/index.html	/time/haikou	/tmp/opencode/worldtime/time/haikou/index.html|/tmp/opencode/worldtime/time/haikou|/tmp/opencode/worldtime/time/haikou.html
fr/index.html	/time/hamamatsu	/tmp/opencode/worldtime/time/hamamatsu/index.html|/tmp/opencode/worldtime/time/hamamatsu|/tmp/opencode/worldtime/time/hamamatsu.html
fr/index.html	/time/hanoi	/tmp/opencode/worldtime/time/hanoi/index.html|/tmp/opencode/worldtime/time/hanoi|/tmp/opencode/worldtime/time/hanoi.html
fr/index.html	/time/hat-yai	/tmp/opencode/worldtime/time/hat-yai/index.html|/tmp/opencode/worldtime/time/hat-yai|/tmp/opencode/worldtime/time/hat-yai.html
fr/index.html	/time/hawaii	/tmp/opencode/worldtime/time/hawaii/index.html|/tmp/opencode/worldtime/time/hawaii|/tmp/opencode/worldtime/time/hawaii.html
fr/index.html	/time/hefei	/tmp/opencode/worldtime/time/hefei/index.html|/tmp/opencode/worldtime/time/hefei|/tmp/opencode/worldtime/time/hefei.html
fr/index.html	/time/hyderabad-pakistan	/tmp/opencode/worldtime/time/hyderabad-pakistan/index.html|/tmp/opencode/worldtime/time/hyderabad-pakistan|/tmp/opencode/worldtime/time/hyderabad-pakistan.html
fr/index.html	/time/jacobabad	/tmp/opencode/worldtime/time/jacobabad/index.html|/tmp/opencode/worldtime/time/jacobabad|/tmp/opencode/worldtime/time/jacobabad.html
fr/index.html	/time/jaffna	/tmp/opencode/worldtime/time/jaffna/index.html|/tmp/opencode/worldtime/time/jaffna|/tmp/opencode/worldtime/time/jaffna.html
fr/index.html	/time/janakpur	/tmp/opencode/worldtime/time/janakpur/index.html|/tmp/opencode/worldtime/time/janakpur|/tmp/opencode/worldtime/time/janakpur.html
fr/index.html	/time/jerusalem	/tmp/opencode/worldtime/time/jerusalem/index.html|/tmp/opencode/worldtime/time/jerusalem|/tmp/opencode/worldtime/time/jerusalem.html
fr/index.html	/time/jhang	/tmp/opencode/worldtime/time/jhang/index.html|/tmp/opencode/worldtime/time/jhang|/tmp/opencode/worldtime/time/jhang.html
fr/index.html	/time/kabul	/tmp/opencode/worldtime/time/kabul/index.html|/tmp/opencode/worldtime/time/kabul|/tmp/opencode/worldtime/time/kabul.html
fr/index.html	/time/kagoshima	/tmp/opencode/worldtime/time/kagoshima/index.html|/tmp/opencode/worldtime/time/kagoshima|/tmp/opencode/worldtime/time/kagoshima.html
fr/index.html	/time/kasur	/tmp/opencode/worldtime/time/kasur/index.html|/tmp/opencode/worldtime/time/kasur|/tmp/opencode/worldtime/time/kasur.html
fr/index.html	/time/kathmandu	/tmp/opencode/worldtime/time/kathmandu/index.html|/tmp/opencode/worldtime/time/kathmandu|/tmp/opencode/worldtime/time/kathmandu.html
fr/index.html	/time/kharan	/tmp/opencode/worldtime/time/kharan/index.html|/tmp/opencode/worldtime/time/kharan|/tmp/opencode/worldtime/time/kharan.html
fr/index.html	/time/khon-kaen	/tmp/opencode/worldtime/time/khon-kaen/index.html|/tmp/opencode/worldtime/time/khon-kaen|/tmp/opencode/worldtime/time/khon-kaen.html
fr/index.html	/time/kohat	/tmp/opencode/worldtime/time/kohat/index.html|/tmp/opencode/worldtime/time/kohat|/tmp/opencode/worldtime/time/kohat.html
fr/index.html	/time/kohlu	/tmp/opencode/worldtime/time/kohlu/index.html|/tmp/opencode/worldtime/time/kohlu|/tmp/opencode/worldtime/time/kohlu.html
fr/index.html	/time/kumamoto	/tmp/opencode/worldtime/time/kumamoto/index.html|/tmp/opencode/worldtime/time/kumamoto|/tmp/opencode/worldtime/time/kumamoto.html
fr/index.html	/time/lalitpur	/tmp/opencode/worldtime/time/lalitpur/index.html|/tmp/opencode/worldtime/time/lalitpur|/tmp/opencode/worldtime/time/lalitpur.html
fr/index.html	/time/lanzhou	/tmp/opencode/worldtime/time/lanzhou/index.html|/tmp/opencode/worldtime/time/lanzhou|/tmp/opencode/worldtime/time/lanzhou.html
fr/index.html	/time/larkana	/tmp/opencode/worldtime/time/larkana/index.html|/tmp/opencode/worldtime/time/larkana|/tmp/opencode/worldtime/time/larkana.html
fr/index.html	/time/male	/tmp/opencode/worldtime/time/male/index.html|/tmp/opencode/worldtime/time/male|/tmp/opencode/worldtime/time/male.html
fr/index.html	/time/mandi-bahauddin	/tmp/opencode/worldtime/time/mandi-bahauddin/index.html|/tmp/opencode/worldtime/time/mandi-bahauddin|/tmp/opencode/worldtime/time/mandi-bahauddin.html
fr/index.html	/time/mansehra	/tmp/opencode/worldtime/time/mansehra/index.html|/tmp/opencode/worldtime/time/mansehra|/tmp/opencode/worldtime/time/mansehra.html
fr/index.html	/time/mardan	/tmp/opencode/worldtime/time/mardan/index.html|/tmp/opencode/worldtime/time/mardan|/tmp/opencode/worldtime/time/mardan.html
fr/index.html	/time/mirpur-khas	/tmp/opencode/worldtime/time/mirpur-khas/index.html|/tmp/opencode/worldtime/time/mirpur-khas|/tmp/opencode/worldtime/time/mirpur-khas.html
fr/index.html	/time/nakhon-ratchasima	/tmp/opencode/worldtime/time/nakhon-ratchasima/index.html|/tmp/opencode/worldtime/time/nakhon-ratchasima|/tmp/opencode/worldtime/time/nakhon-ratchasima.html
fr/index.html	/time/nanchang	/tmp/opencode/worldtime/time/nanchang/index.html|/tmp/opencode/worldtime/time/nanchang|/tmp/opencode/worldtime/time/nanchang.html
fr/index.html	/time/nanjing	/tmp/opencode/worldtime/time/nanjing/index.html|/tmp/opencode/worldtime/time/nanjing|/tmp/opencode/worldtime/time/nanjing.html
fr/index.html	/time/nanning	/tmp/opencode/worldtime/time/nanning/index.html|/tmp/opencode/worldtime/time/nanning|/tmp/opencode/worldtime/time/nanning.html
fr/index.html	/time/nasirabad	/tmp/opencode/worldtime/time/nasirabad/index.html|/tmp/opencode/worldtime/time/nasirabad|/tmp/opencode/worldtime/time/nasirabad.html
fr/index.html	/time/nawabshah	/tmp/opencode/worldtime/time/nawabshah/index.html|/tmp/opencode/worldtime/time/nawabshah|/tmp/opencode/worldtime/time/nawabshah.html
fr/index.html	/time/naypyidaw	/tmp/opencode/worldtime/time/naypyidaw/index.html|/tmp/opencode/worldtime/time/naypyidaw|/tmp/opencode/worldtime/time/naypyidaw.html
fr/index.html	/time/niigata	/tmp/opencode/worldtime/time/niigata/index.html|/tmp/opencode/worldtime/time/niigata|/tmp/opencode/worldtime/time/niigata.html
fr/index.html	/time/ningbo	/tmp/opencode/worldtime/time/ningbo/index.html|/tmp/opencode/worldtime/time/ningbo|/tmp/opencode/worldtime/time/ningbo.html
fr/index.html	/time/nowshera	/tmp/opencode/worldtime/time/nowshera/index.html|/tmp/opencode/worldtime/time/nowshera|/tmp/opencode/worldtime/time/nowshera.html
fr/index.html	/time/okara	/tmp/opencode/worldtime/time/okara/index.html|/tmp/opencode/worldtime/time/okara|/tmp/opencode/worldtime/time/okara.html
fr/index.html	/time/okayama	/tmp/opencode/worldtime/time/okayama/index.html|/tmp/opencode/worldtime/time/okayama|/tmp/opencode/worldtime/time/okayama.html
fr/index.html	/time/palau	/tmp/opencode/worldtime/time/palau/index.html|/tmp/opencode/worldtime/time/palau|/tmp/opencode/worldtime/time/palau.html
fr/index.html	/time/pyongyang	/tmp/opencode/worldtime/time/pyongyang/index.html|/tmp/opencode/worldtime/time/pyongyang|/tmp/opencode/worldtime/time/pyongyang.html
fr/index.html	/time/rajshahi	/tmp/opencode/worldtime/time/rajshahi/index.html|/tmp/opencode/worldtime/time/rajshahi|/tmp/opencode/worldtime/time/rajshahi.html
fr/index.html	/time/sahiwal	/tmp/opencode/worldtime/time/sahiwal/index.html|/tmp/opencode/worldtime/time/sahiwal|/tmp/opencode/worldtime/time/sahiwal.html
fr/index.html	/time/saitama	/tmp/opencode/worldtime/time/saitama/index.html|/tmp/opencode/worldtime/time/saitama|/tmp/opencode/worldtime/time/saitama.html
fr/index.html	/time/sakai	/tmp/opencode/worldtime/time/sakai/index.html|/tmp/opencode/worldtime/time/sakai|/tmp/opencode/worldtime/time/sakai.html
fr/index.html	/time/sao-paulo	/tmp/opencode/worldtime/time/sao-paulo/index.html|/tmp/opencode/worldtime/time/sao-paulo|/tmp/opencode/worldtime/time/sao-paulo.html
fr/index.html	/time/sargodha	/tmp/opencode/worldtime/time/sargodha/index.html|/tmp/opencode/worldtime/time/sargodha|/tmp/opencode/worldtime/time/sargodha.html
fr/index.html	/time/sheikhupura	/tmp/opencode/worldtime/time/sheikhupura/index.html|/tmp/opencode/worldtime/time/sheikhupura|/tmp/opencode/worldtime/time/sheikhupura.html
fr/index.html	/time/shikarpur	/tmp/opencode/worldtime/time/shikarpur/index.html|/tmp/opencode/worldtime/time/shikarpur|/tmp/opencode/worldtime/time/shikarpur.html
fr/index.html	/time/sialkot	/tmp/opencode/worldtime/time/sialkot/index.html|/tmp/opencode/worldtime/time/sialkot|/tmp/opencode/worldtime/time/sialkot.html
fr/index.html	/time/sibi	/tmp/opencode/worldtime/time/sibi/index.html|/tmp/opencode/worldtime/time/sibi|/tmp/opencode/worldtime/time/sibi.html
fr/index.html	/time/simara	/tmp/opencode/worldtime/time/simara/index.html|/tmp/opencode/worldtime/time/simara|/tmp/opencode/worldtime/time/simara.html
fr/index.html	/time/songkhla	/tmp/opencode/worldtime/time/songkhla/index.html|/tmp/opencode/worldtime/time/songkhla|/tmp/opencode/worldtime/time/songkhla.html
fr/index.html	/time/sukkur	/tmp/opencode/worldtime/time/sukkur/index.html|/tmp/opencode/worldtime/time/sukkur|/tmp/opencode/worldtime/time/sukkur.html
fr/index.html	/time/surat-thani	/tmp/opencode/worldtime/time/surat-thani/index.html|/tmp/opencode/worldtime/time/surat-thani|/tmp/opencode/worldtime/time/surat-thani.html
fr/index.html	/time/swat	/tmp/opencode/worldtime/time/swat/index.html|/tmp/opencode/worldtime/time/swat|/tmp/opencode/worldtime/time/swat.html
fr/index.html	/time/tel-aviv	/tmp/opencode/worldtime/time/tel-aviv/index.html|/tmp/opencode/worldtime/time/tel-aviv|/tmp/opencode/worldtime/time/tel-aviv.html
fr/index.html	/time/turbat	/tmp/opencode/worldtime/time/turbat/index.html|/tmp/opencode/worldtime/time/turbat|/tmp/opencode/worldtime/time/turbat.html
fr/index.html	/time/udon-thani	/tmp/opencode/worldtime/time/udon-thani/index.html|/tmp/opencode/worldtime/time/udon-thani|/tmp/opencode/worldtime/time/udon-thani.html
fr/index.html	/time/vehari	/tmp/opencode/worldtime/time/vehari/index.html|/tmp/opencode/worldtime/time/vehari|/tmp/opencode/worldtime/time/vehari.html
fr/index.html	/time/wulumuqi	/tmp/opencode/worldtime/time/wulumuqi/index.html|/tmp/opencode/worldtime/time/wulumuqi|/tmp/opencode/worldtime/time/wulumuqi.html
fr/index.html	/time/wuxi	/tmp/opencode/worldtime/time/wuxi/index.html|/tmp/opencode/worldtime/time/wuxi|/tmp/opencode/worldtime/time/wuxi.html
fr/index.html	/time/xian	/tmp/opencode/worldtime/time/xian/index.html|/tmp/opencode/worldtime/time/xian|/tmp/opencode/worldtime/time/xian.html
fr/index.html	/time/yinchuan	/tmp/opencode/worldtime/time/yinchuan/index.html|/tmp/opencode/worldtime/time/yinchuan|/tmp/opencode/worldtime/time/yinchuan.html
fr/privacy.html	/	/index.html|/tmp/opencode/worldtime|/tmp/opencode/worldtime/.html
fr/terms.html	/	/index.html|/tmp/opencode/worldtime|/tmp/opencode/worldtime/.html
gmt-vs-utc.html	/	/index.html|/tmp/opencode/worldtime|/tmp/opencode/worldtime/.html
how-it-works.html	/	/index.html|/tmp/opencode/worldtime|/tmp/opencode/worldtime/.html
index.html	/	/index.html|/tmp/opencode/worldtime|/tmp/opencode/worldtime/.html
index.html	/time/abbottabad	/tmp/opencode/worldtime/time/abbottabad/index.html|/tmp/opencode/worldtime/time/abbottabad|/tmp/opencode/worldtime/time/abbottabad.html
index.html	/time/abudhabi	/tmp/opencode/worldtime/time/abudhabi/index.html|/tmp/opencode/worldtime/time/abudhabi|/tmp/opencode/worldtime/time/abudhabi.html
index.html	/time/antalya	/tmp/opencode/worldtime/time/antalya/index.html|/tmp/opencode/worldtime/time/antalya|/tmp/opencode/worldtime/time/antalya.html
index.html	/time/attock	/tmp/opencode/worldtime/time/attock/index.html|/tmp/opencode/worldtime/time/attock|/tmp/opencode/worldtime/time/attock.html
index.html	/time/bahawalpur	/tmp/opencode/worldtime/time/bahawalpur/index.html|/tmp/opencode/worldtime/time/bahawalpur|/tmp/opencode/worldtime/time/bahawalpur.html
index.html	/time/bahrain	/tmp/opencode/worldtime/time/bahrain/index.html|/tmp/opencode/worldtime/time/bahrain|/tmp/opencode/worldtime/time/bahrain.html
index.html	/time/bannu	/tmp/opencode/worldtime/time/bannu/index.html|/tmp/opencode/worldtime/time/bannu|/tmp/opencode/worldtime/time/bannu.html
index.html	/time/bhaktapur	/tmp/opencode/worldtime/time/bhaktapur/index.html|/tmp/opencode/worldtime/time/bhaktapur|/tmp/opencode/worldtime/time/bhaktapur.html
index.html	/time/bharatpur	/tmp/opencode/worldtime/time/bharatpur/index.html|/tmp/opencode/worldtime/time/bharatpur|/tmp/opencode/worldtime/time/bharatpur.html
index.html	/time/biratnagar	/tmp/opencode/worldtime/time/biratnagar/index.html|/tmp/opencode/worldtime/time/biratnagar|/tmp/opencode/worldtime/time/biratnagar.html
index.html	/time/birgunj	/tmp/opencode/worldtime/time/birgunj/index.html|/tmp/opencode/worldtime/time/birgunj|/tmp/opencode/worldtime/time/birgunj.html
index.html	/time/butwal	/tmp/opencode/worldtime/time/butwal/index.html|/tmp/opencode/worldtime/time/butwal|/tmp/opencode/worldtime/time/butwal.html
index.html	/time/chiang-ray	/tmp/opencode/worldtime/time/chiang-ray/index.html|/tmp/opencode/worldtime/time/chiang-ray|/tmp/opencode/worldtime/time/chiang-ray.html
index.html	/time/colombo	/tmp/opencode/worldtime/time/colombo/index.html|/tmp/opencode/worldtime/time/colombo|/tmp/opencode/worldtime/time/colombo.html
index.html	/time/damascus	/tmp/opencode/worldtime/time/damascus/index.html|/tmp/opencode/worldtime/time/damascus|/tmp/opencode/worldtime/time/damascus.html
index.html	/time/dera-ghazi-khan	/tmp/opencode/worldtime/time/dera-ghazi-khan/index.html|/tmp/opencode/worldtime/time/dera-ghazi-khan|/tmp/opencode/worldtime/time/dera-ghazi-khan.html
index.html	/time/dera-ismail-khan	/tmp/opencode/worldtime/time/dera-ismail-khan/index.html|/tmp/opencode/worldtime/time/dera-ismail-khan|/tmp/opencode/worldtime/time/dera-ismail-khan.html
index.html	/time/dera-murad-jamali	/tmp/opencode/worldtime/time/dera-murad-jamali/index.html|/tmp/opencode/worldtime/time/dera-murad-jamali|/tmp/opencode/worldtime/time/dera-murad-jamali.html
index.html	/time/dharan	/tmp/opencode/worldtime/time/dharan/index.html|/tmp/opencode/worldtime/time/dharan|/tmp/opencode/worldtime/time/dharan.html
index.html	/time/dushanbe	/tmp/opencode/worldtime/time/dushanbe/index.html|/tmp/opencode/worldtime/time/dushanbe|/tmp/opencode/worldtime/time/dushanbe.html
index.html	/time/fiji	/tmp/opencode/worldtime/time/fiji/index.html|/tmp/opencode/worldtime/time/fiji|/tmp/opencode/worldtime/time/fiji.html
index.html	/time/galle	/tmp/opencode/worldtime/time/galle/index.html|/tmp/opencode/worldtime/time/galle|/tmp/opencode/worldtime/time/galle.html
index.html	/time/guam	/tmp/opencode/worldtime/time/guam/index.html|/tmp/opencode/worldtime/time/guam|/tmp/opencode/worldtime/time/guam.html
index.html	/time/gwadar	/tmp/opencode/worldtime/time/gwadar/index.html|/tmp/opencode/worldtime/time/gwadar|/tmp/opencode/worldtime/time/gwadar.html
index.html	/time/hafizabad	/tmp/opencode/worldtime/time/hafizabad/index.html|/tmp/opencode/worldtime/time/hafizabad|/tmp/opencode/worldtime/time/hafizabad.html
index.html	/time/haikou	/tmp/opencode/worldtime/time/haikou/index.html|/tmp/opencode/worldtime/time/haikou|/tmp/opencode/worldtime/time/haikou.html
index.html	/time/hamamatsu	/tmp/opencode/worldtime/time/hamamatsu/index.html|/tmp/opencode/worldtime/time/hamamatsu|/tmp/opencode/worldtime/time/hamamatsu.html
index.html	/time/hanoi	/tmp/opencode/worldtime/time/hanoi/index.html|/tmp/opencode/worldtime/time/hanoi|/tmp/opencode/worldtime/time/hanoi.html
index.html	/time/hat-yai	/tmp/opencode/worldtime/time/hat-yai/index.html|/tmp/opencode/worldtime/time/hat-yai|/tmp/opencode/worldtime/time/hat-yai.html
index.html	/time/hawaii	/tmp/opencode/worldtime/time/hawaii/index.html|/tmp/opencode/worldtime/time/hawaii|/tmp/opencode/worldtime/time/hawaii.html
index.html	/time/hefei	/tmp/opencode/worldtime/time/hefei/index.html|/tmp/opencode/worldtime/time/hefei|/tmp/opencode/worldtime/time/hefei.html
index.html	/time/hyderabad-pakistan	/tmp/opencode/worldtime/time/hyderabad-pakistan/index.html|/tmp/opencode/worldtime/time/hyderabad-pakistan|/tmp/opencode/worldtime/time/hyderabad-pakistan.html
index.html	/time/jacobabad	/tmp/opencode/worldtime/time/jacobabad/index.html|/tmp/opencode/worldtime/time/jacobabad|/tmp/opencode/worldtime/time/jacobabad.html
index.html	/time/jaffna	/tmp/opencode/worldtime/time/jaffna/index.html|/tmp/opencode/worldtime/time/jaffna|/tmp/opencode/worldtime/time/jaffna.html
index.html	/time/janakpur	/tmp/opencode/worldtime/time/janakpur/index.html|/tmp/opencode/worldtime/time/janakpur|/tmp/opencode/worldtime/time/janakpur.html
index.html	/time/jerusalem	/tmp/opencode/worldtime/time/jerusalem/index.html|/tmp/opencode/worldtime/time/jerusalem|/tmp/opencode/worldtime/time/jerusalem.html
index.html	/time/jhang	/tmp/opencode/worldtime/time/jhang/index.html|/tmp/opencode/worldtime/time/jhang|/tmp/opencode/worldtime/time/jhang.html
index.html	/time/kabul	/tmp/opencode/worldtime/time/kabul/index.html|/tmp/opencode/worldtime/time/kabul|/tmp/opencode/worldtime/time/kabul.html
index.html	/time/kagoshima	/tmp/opencode/worldtime/time/kagoshima/index.html|/tmp/opencode/worldtime/time/kagoshima|/tmp/opencode/worldtime/time/kagoshima.html
index.html	/time/kasur	/tmp/opencode/worldtime/time/kasur/index.html|/tmp/opencode/worldtime/time/kasur|/tmp/opencode/worldtime/time/kasur.html
index.html	/time/kathmandu	/tmp/opencode/worldtime/time/kathmandu/index.html|/tmp/opencode/worldtime/time/kathmandu|/tmp/opencode/worldtime/time/kathmandu.html
index.html	/time/kharan	/tmp/opencode/worldtime/time/kharan/index.html|/tmp/opencode/worldtime/time/kharan|/tmp/opencode/worldtime/time/kharan.html
index.html	/time/khon-kaen	/tmp/opencode/worldtime/time/khon-kaen/index.html|/tmp/opencode/worldtime/time/khon-kaen|/tmp/opencode/worldtime/time/khon-kaen.html
index.html	/time/kohat	/tmp/opencode/worldtime/time/kohat/index.html|/tmp/opencode/worldtime/time/kohat|/tmp/opencode/worldtime/time/kohat.html
index.html	/time/kohlu	/tmp/opencode/worldtime/time/kohlu/index.html|/tmp/opencode/worldtime/time/kohlu|/tmp/opencode/worldtime/time/kohlu.html
index.html	/time/kumamoto	/tmp/opencode/worldtime/time/kumamoto/index.html|/tmp/opencode/worldtime/time/kumamoto|/tmp/opencode/worldtime/time/kumamoto.html
index.html	/time/lalitpur	/tmp/opencode/worldtime/time/lalitpur/index.html|/tmp/opencode/worldtime/time/lalitpur|/tmp/opencode/worldtime/time/lalitpur.html
index.html	/time/lanzhou	/tmp/opencode/worldtime/time/lanzhou/index.html|/tmp/opencode/worldtime/time/lanzhou|/tmp/opencode/worldtime/time/lanzhou.html
index.html	/time/larkana	/tmp/opencode/worldtime/time/larkana/index.html|/tmp/opencode/worldtime/time/larkana|/tmp/opencode/worldtime/time/larkana.html
index.html	/time/male	/tmp/opencode/worldtime/time/male/index.html|/tmp/opencode/worldtime/time/male|/tmp/opencode/worldtime/time/male.html
index.html	/time/mandi-bahauddin	/tmp/opencode/worldtime/time/mandi-bahauddin/index.html|/tmp/opencode/worldtime/time/mandi-bahauddin|/tmp/opencode/worldtime/time/mandi-bahauddin.html
index.html	/time/mansehra	/tmp/opencode/worldtime/time/mansehra/index.html|/tmp/opencode/worldtime/time/mansehra|/tmp/opencode/worldtime/time/mansehra.html
index.html	/time/mardan	/tmp/opencode/worldtime/time/mardan/index.html|/tmp/opencode/worldtime/time/mardan|/tmp/opencode/worldtime/time/mardan.html
index.html	/time/mirpur-khas	/tmp/opencode/worldtime/time/mirpur-khas/index.html|/tmp/opencode/worldtime/time/mirpur-khas|/tmp/opencode/worldtime/time/mirpur-khas.html
index.html	/time/nakhon-ratchasima	/tmp/opencode/worldtime/time/nakhon-ratchasima/index.html|/tmp/opencode/worldtime/time/nakhon-ratchasima|/tmp/opencode/worldtime/time/nakhon-ratchasima.html
index.html	/time/nanchang	/tmp/opencode/worldtime/time/nanchang/index.html|/tmp/opencode/worldtime/time/nanchang|/tmp/opencode/worldtime/time/nanchang.html
index.html	/time/nanjing	/tmp/opencode/worldtime/time/nanjing/index.html|/tmp/opencode/worldtime/time/nanjing|/tmp/opencode/worldtime/time/nanjing.html
index.html	/time/nanning	/tmp/opencode/worldtime/time/nanning/index.html|/tmp/opencode/worldtime/time/nanning|/tmp/opencode/worldtime/time/nanning.html
index.html	/time/nasirabad	/tmp/opencode/worldtime/time/nasirabad/index.html|/tmp/opencode/worldtime/time/nasirabad|/tmp/opencode/worldtime/time/nasirabad.html
index.html	/time/nawabshah	/tmp/opencode/worldtime/time/nawabshah/index.html|/tmp/opencode/worldtime/time/nawabshah|/tmp/opencode/worldtime/time/nawabshah.html
index.html	/time/naypyidaw	/tmp/opencode/worldtime/time/naypyidaw/index.html|/tmp/opencode/worldtime/time/naypyidaw|/tmp/opencode/worldtime/time/naypyidaw.html
index.html	/time/niigata	/tmp/opencode/worldtime/time/niigata/index.html|/tmp/opencode/worldtime/time/niigata|/tmp/opencode/worldtime/time/niigata.html
index.html	/time/ningbo	/tmp/opencode/worldtime/time/ningbo/index.html|/tmp/opencode/worldtime/time/ningbo|/tmp/opencode/worldtime/time/ningbo.html
index.html	/time/nowshera	/tmp/opencode/worldtime/time/nowshera/index.html|/tmp/opencode/worldtime/time/nowshera|/tmp/opencode/worldtime/time/nowshera.html
index.html	/time/okara	/tmp/opencode/worldtime/time/okara/index.html|/tmp/opencode/worldtime/time/okara|/tmp/opencode/worldtime/time/okara.html
index.html	/time/okayama	/tmp/opencode/worldtime/time/okayama/index.html|/tmp/opencode/worldtime/time/okayama|/tmp/opencode/worldtime/time/okayama.html
index.html	/time/palau	/tmp/opencode/worldtime/time/palau/index.html|/tmp/opencode/worldtime/time/palau|/tmp/opencode/worldtime/time/palau.html
index.html	/time/pyongyang	/tmp/opencode/worldtime/time/pyongyang/index.html|/tmp/opencode/worldtime/time/pyongyang|/tmp/opencode/worldtime/time/pyongyang.html
index.html	/time/rajshahi	/tmp/opencode/worldtime/time/rajshahi/index.html|/tmp/opencode/worldtime/time/rajshahi|/tmp/opencode/worldtime/time/rajshahi.html
index.html	/time/sahiwal	/tmp/opencode/worldtime/time/sahiwal/index.html|/tmp/opencode/worldtime/time/sahiwal|/tmp/opencode/worldtime/time/sahiwal.html
index.html	/time/saitama	/tmp/opencode/worldtime/time/saitama/index.html|/tmp/opencode/worldtime/time/saitama|/tmp/opencode/worldtime/time/saitama.html
index.html	/time/sakai	/tmp/opencode/worldtime/time/sakai/index.html|/tmp/opencode/worldtime/time/sakai|/tmp/opencode/worldtime/time/sakai.html
index.html	/time/sao-paulo	/tmp/opencode/worldtime/time/sao-paulo/index.html|/tmp/opencode/worldtime/time/sao-paulo|/tmp/opencode/worldtime/time/sao-paulo.html
index.html	/time/sargodha	/tmp/opencode/worldtime/time/sargodha/index.html|/tmp/opencode/worldtime/time/sargodha|/tmp/opencode/worldtime/time/sargodha.html
index.html	/time/sheikhupura	/tmp/opencode/worldtime/time/sheikhupura/index.html|/tmp/opencode/worldtime/time/sheikhupura|/tmp/opencode/worldtime/time/sheikhupura.html
index.html	/time/shikarpur	/tmp/opencode/worldtime/time/shikarpur/index.html|/tmp/opencode/worldtime/time/shikarpur|/tmp/opencode/worldtime/time/shikarpur.html
index.html	/time/sialkot	/tmp/opencode/worldtime/time/sialkot/index.html|/tmp/opencode/worldtime/time/sialkot|/tmp/opencode/worldtime/time/sialkot.html
index.html	/time/sibi	/tmp/opencode/worldtime/time/sibi/index.html|/tmp/opencode/worldtime/time/sibi|/tmp/opencode/worldtime/time/sibi.html
index.html	/time/simara	/tmp/opencode/worldtime/time/simara/index.html|/tmp/opencode/worldtime/time/simara|/tmp/opencode/worldtime/time/simara.html
index.html	/time/songkhla	/tmp/opencode/worldtime/time/songkhla/index.html|/tmp/opencode/worldtime/time/songkhla|/tmp/opencode/worldtime/time/songkhla.html
index.html	/time/sukkur	/tmp/opencode/worldtime/time/sukkur/index.html|/tmp/opencode/worldtime/time/sukkur|/tmp/opencode/worldtime/time/sukkur.html
index.html	/time/surat-thani	/tmp/opencode/worldtime/time/surat-thani/index.html|/tmp/opencode/worldtime/time/surat-thani|/tmp/opencode/worldtime/time/surat-thani.html
index.html	/time/swat	/tmp/opencode/worldtime/time/swat/index.html|/tmp/opencode/worldtime/time/swat|/tmp/opencode/worldtime/time/swat.html
index.html	/time/tel-aviv	/tmp/opencode/worldtime/time/tel-aviv/index.html|/tmp/opencode/worldtime/time/tel-aviv|/tmp/opencode/worldtime/time/tel-aviv.html
index.html	/time/turbat	/tmp/opencode/worldtime/time/turbat/index.html|/tmp/opencode/worldtime/time/turbat|/tmp/opencode/worldtime/time/turbat.html
index.html	/time/udon-thani	/tmp/opencode/worldtime/time/udon-thani/index.html|/tmp/opencode/worldtime/time/udon-thani|/tmp/opencode/worldtime/time/udon-thani.html
index.html	/time/vehari	/tmp/opencode/worldtime/time/vehari/index.html|/tmp/opencode/worldtime/time/vehari|/tmp/opencode/worldtime/time/vehari.html
index.html	/time/wulumuqi	/tmp/opencode/worldtime/time/wulumuqi/index.html|/tmp/opencode/worldtime/time/wulumuqi|/tmp/opencode/worldtime/time/wulumuqi.html
index.html	/time/wuxi	/tmp/opencode/worldtime/time/wuxi/index.html|/tmp/opencode/worldtime/time/wuxi|/tmp/opencode/worldtime/time/wuxi.html
index.html	/time/xian	/tmp/opencode/worldtime/time/xian/index.html|/tmp/opencode/worldtime/time/xian|/tmp/opencode/worldtime/time/xian.html
index.html	/time/yinchuan	/tmp/opencode/worldtime/time/yinchuan/index.html|/tmp/opencode/worldtime/time/yinchuan|/tmp/opencode/worldtime/time/yinchuan.html
it/index.html	/	/index.html|/tmp/opencode/worldtime|/tmp/opencode/worldtime/.html
it/index.html	/it/dst-2026-worldwide	/tmp/opencode/worldtime/it/dst-2026-worldwide/index.html|/tmp/opencode/worldtime/it/dst-2026-worldwide|/tmp/opencode/worldtime/it/dst-2026-worldwide.html
it/index.html	/it/remote-team-solutions	/tmp/opencode/worldtime/it/remote-team-solutions/index.html|/tmp/opencode/worldtime/it/remote-team-solutions|/tmp/opencode/worldtime/it/remote-team-solutions.html
it/index.html	/it/time/	/tmp/opencode/worldtime/it/time/index.html|/tmp/opencode/worldtime/it/time|/tmp/opencode/worldtime/it/time/.html
it/index.html	/it/time/sao-paulo	/tmp/opencode/worldtime/it/time/sao-paulo/index.html|/tmp/opencode/worldtime/it/time/sao-paulo|/tmp/opencode/worldtime/it/time/sao-paulo.html
ja/blog/index.html	/	/index.html|/tmp/opencode/worldtime|/tmp/opencode/worldtime/.html
ja/blog/index.html	/blog/de-best-meeting-times-remote-teams	/tmp/opencode/worldtime/blog/de-best-meeting-times-remote-teams/index.html|/tmp/opencode/worldtime/blog/de-best-meeting-times-remote-teams|/tmp/opencode/worldtime/blog/de-best-meeting-times-remote-teams.html
ja/blog/index.html	/blog/de-daylight-saving-2026-prep	/tmp/opencode/worldtime/blog/de-daylight-saving-2026-prep/index.html|/tmp/opencode/worldtime/blog/de-daylight-saving-2026-prep|/tmp/opencode/worldtime/blog/de-daylight-saving-2026-prep.html
ja/blog/index.html	/blog/de-schedule-online-classes-time-zones	/tmp/opencode/worldtime/blog/de-schedule-online-classes-time-zones/index.html|/tmp/opencode/worldtime/blog/de-schedule-online-classes-time-zones|/tmp/opencode/worldtime/blog/de-schedule-online-classes-time-zones.html
ja/blog/index.html	/blog/de-utc-everything-guide	/tmp/opencode/worldtime/blog/de-utc-everything-guide/index.html|/tmp/opencode/worldtime/blog/de-utc-everything-guide|/tmp/opencode/worldtime/blog/de-utc-everything-guide.html
ja/blog/index.html	/blog/de-world-clock-desk-setup	/tmp/opencode/worldtime/blog/de-world-clock-desk-setup/index.html|/tmp/opencode/worldtime/blog/de-world-clock-desk-setup|/tmp/opencode/worldtime/blog/de-world-clock-desk-setup.html
ja/blog/index.html	/blog/es-best-meeting-times-remote-teams	/tmp/opencode/worldtime/blog/es-best-meeting-times-remote-teams/index.html|/tmp/opencode/worldtime/blog/es-best-meeting-times-remote-teams|/tmp/opencode/worldtime/blog/es-best-meeting-times-remote-teams.html
ja/blog/index.html	/blog/es-daylight-saving-2026-prep	/tmp/opencode/worldtime/blog/es-daylight-saving-2026-prep/index.html|/tmp/opencode/worldtime/blog/es-daylight-saving-2026-prep|/tmp/opencode/worldtime/blog/es-daylight-saving-2026-prep.html
ja/blog/index.html	/blog/es-schedule-online-classes-time-zones	/tmp/opencode/worldtime/blog/es-schedule-online-classes-time-zones/index.html|/tmp/opencode/worldtime/blog/es-schedule-online-classes-time-zones|/tmp/opencode/worldtime/blog/es-schedule-online-classes-time-zones.html
ja/blog/index.html	/blog/es-utc-everything-guide	/tmp/opencode/worldtime/blog/es-utc-everything-guide/index.html|/tmp/opencode/worldtime/blog/es-utc-everything-guide|/tmp/opencode/worldtime/blog/es-utc-everything-guide.html
ja/blog/index.html	/blog/es-world-clock-desk-setup	/tmp/opencode/worldtime/blog/es-world-clock-desk-setup/index.html|/tmp/opencode/worldtime/blog/es-world-clock-desk-setup|/tmp/opencode/worldtime/blog/es-world-clock-desk-setup.html
ja/blog/index.html	/blog/fr-best-meeting-times-remote-teams	/tmp/opencode/worldtime/blog/fr-best-meeting-times-remote-teams/index.html|/tmp/opencode/worldtime/blog/fr-best-meeting-times-remote-teams|/tmp/opencode/worldtime/blog/fr-best-meeting-times-remote-teams.html
ja/blog/index.html	/blog/fr-daylight-saving-2026-prep	/tmp/opencode/worldtime/blog/fr-daylight-saving-2026-prep/index.html|/tmp/opencode/worldtime/blog/fr-daylight-saving-2026-prep|/tmp/opencode/worldtime/blog/fr-daylight-saving-2026-prep.html
ja/blog/index.html	/blog/fr-schedule-online-classes-time-zones	/tmp/opencode/worldtime/blog/fr-schedule-online-classes-time-zones/index.html|/tmp/opencode/worldtime/blog/fr-schedule-online-classes-time-zones|/tmp/opencode/worldtime/blog/fr-schedule-online-classes-time-zones.html
ja/blog/index.html	/blog/fr-utc-everything-guide	/tmp/opencode/worldtime/blog/fr-utc-everything-guide/index.html|/tmp/opencode/worldtime/blog/fr-utc-everything-guide|/tmp/opencode/worldtime/blog/fr-utc-everything-guide.html
ja/blog/index.html	/blog/fr-world-clock-desk-setup	/tmp/opencode/worldtime/blog/fr-world-clock-desk-setup/index.html|/tmp/opencode/worldtime/blog/fr-world-clock-desk-setup|/tmp/opencode/worldtime/blog/fr-world-clock-desk-setup.html
ja/blog/index.html	/blog/it-best-meeting-times-remote-teams	/tmp/opencode/worldtime/blog/it-best-meeting-times-remote-teams/index.html|/tmp/opencode/worldtime/blog/it-best-meeting-times-remote-teams|/tmp/opencode/worldtime/blog/it-best-meeting-times-remote-teams.html
ja/blog/index.html	/blog/it-daylight-saving-2026-prep	/tmp/opencode/worldtime/blog/it-daylight-saving-2026-prep/index.html|/tmp/opencode/worldtime/blog/it-daylight-saving-2026-prep|/tmp/opencode/worldtime/blog/it-daylight-saving-2026-prep.html
ja/blog/index.html	/blog/it-schedule-online-classes-time-zones	/tmp/opencode/worldtime/blog/it-schedule-online-classes-time-zones/index.html|/tmp/opencode/worldtime/blog/it-schedule-online-classes-time-zones|/tmp/opencode/worldtime/blog/it-schedule-online-classes-time-zones.html
ja/blog/index.html	/blog/it-utc-everything-guide	/tmp/opencode/worldtime/blog/it-utc-everything-guide/index.html|/tmp/opencode/worldtime/blog/it-utc-everything-guide|/tmp/opencode/worldtime/blog/it-utc-everything-guide.html
ja/blog/index.html	/blog/it-world-clock-desk-setup	/tmp/opencode/worldtime/blog/it-world-clock-desk-setup/index.html|/tmp/opencode/worldtime/blog/it-world-clock-desk-setup|/tmp/opencode/worldtime/blog/it-world-clock-desk-setup.html
ja/blog/index.html	/blog/ja-best-meeting-times-remote-teams	/tmp/opencode/worldtime/blog/ja-best-meeting-times-remote-teams/index.html|/tmp/opencode/worldtime/blog/ja-best-meeting-times-remote-teams|/tmp/opencode/worldtime/blog/ja-best-meeting-times-remote-teams.html
ja/blog/index.html	/blog/ja-daylight-saving-2026-prep	/tmp/opencode/worldtime/blog/ja-daylight-saving-2026-prep/index.html|/tmp/opencode/worldtime/blog/ja-daylight-saving-2026-prep|/tmp/opencode/worldtime/blog/ja-daylight-saving-2026-prep.html
ja/blog/index.html	/blog/ja-schedule-online-classes-time-zones	/tmp/opencode/worldtime/blog/ja-schedule-online-classes-time-zones/index.html|/tmp/opencode/worldtime/blog/ja-schedule-online-classes-time-zones|/tmp/opencode/worldtime/blog/ja-schedule-online-classes-time-zones.html
ja/blog/index.html	/blog/ja-utc-everything-guide	/tmp/opencode/worldtime/blog/ja-utc-everything-guide/index.html|/tmp/opencode/worldtime/blog/ja-utc-everything-guide|/tmp/opencode/worldtime/blog/ja-utc-everything-guide.html
ja/blog/index.html	/blog/ja-world-clock-desk-setup	/tmp/opencode/worldtime/blog/ja-world-clock-desk-setup/index.html|/tmp/opencode/worldtime/blog/ja-world-clock-desk-setup|/tmp/opencode/worldtime/blog/ja-world-clock-desk-setup.html
ja/blog/index.html	/blog/ru-best-meeting-times-remote-teams	/tmp/opencode/worldtime/blog/ru-best-meeting-times-remote-teams/index.html|/tmp/opencode/worldtime/blog/ru-best-meeting-times-remote-teams|/tmp/opencode/worldtime/blog/ru-best-meeting-times-remote-teams.html
ja/blog/index.html	/blog/ru-daylight-saving-2026-prep	/tmp/opencode/worldtime/blog/ru-daylight-saving-2026-prep/index.html|/tmp/opencode/worldtime/blog/ru-daylight-saving-2026-prep|/tmp/opencode/worldtime/blog/ru-daylight-saving-2026-prep.html
ja/blog/index.html	/blog/ru-schedule-online-classes-time-zones	/tmp/opencode/worldtime/blog/ru-schedule-online-classes-time-zones/index.html|/tmp/opencode/worldtime/blog/ru-schedule-online-classes-time-zones|/tmp/opencode/worldtime/blog/ru-schedule-online-classes-time-zones.html
ja/blog/index.html	/blog/ru-utc-everything-guide	/tmp/opencode/worldtime/blog/ru-utc-everything-guide/index.html|/tmp/opencode/worldtime/blog/ru-utc-everything-guide|/tmp/opencode/worldtime/blog/ru-utc-everything-guide.html
ja/blog/index.html	/blog/ru-world-clock-desk-setup	/tmp/opencode/worldtime/blog/ru-world-clock-desk-setup/index.html|/tmp/opencode/worldtime/blog/ru-world-clock-desk-setup|/tmp/opencode/worldtime/blog/ru-world-clock-desk-setup.html
ja/blog/index.html	/blog/uk-best-meeting-times-remote-teams	/tmp/opencode/worldtime/blog/uk-best-meeting-times-remote-teams/index.html|/tmp/opencode/worldtime/blog/uk-best-meeting-times-remote-teams|/tmp/opencode/worldtime/blog/uk-best-meeting-times-remote-teams.html
ja/blog/index.html	/blog/uk-daylight-saving-2026-prep	/tmp/opencode/worldtime/blog/uk-daylight-saving-2026-prep/index.html|/tmp/opencode/worldtime/blog/uk-daylight-saving-2026-prep|/tmp/opencode/worldtime/blog/uk-daylight-saving-2026-prep.html
ja/blog/index.html	/blog/uk-schedule-online-classes-time-zones	/tmp/opencode/worldtime/blog/uk-schedule-online-classes-time-zones/index.html|/tmp/opencode/worldtime/blog/uk-schedule-online-classes-time-zones|/tmp/opencode/worldtime/blog/uk-schedule-online-classes-time-zones.html
ja/blog/index.html	/blog/uk-utc-everything-guide	/tmp/opencode/worldtime/blog/uk-utc-everything-guide/index.html|/tmp/opencode/worldtime/blog/uk-utc-everything-guide|/tmp/opencode/worldtime/blog/uk-utc-everything-guide.html
ja/blog/index.html	/blog/uk-world-clock-desk-setup	/tmp/opencode/worldtime/blog/uk-world-clock-desk-setup/index.html|/tmp/opencode/worldtime/blog/uk-world-clock-desk-setup|/tmp/opencode/worldtime/blog/uk-world-clock-desk-setup.html
ja/blog/index.html	/blog/zh-best-meeting-times-remote-teams	/tmp/opencode/worldtime/blog/zh-best-meeting-times-remote-teams/index.html|/tmp/opencode/worldtime/blog/zh-best-meeting-times-remote-teams|/tmp/opencode/worldtime/blog/zh-best-meeting-times-remote-teams.html
ja/blog/index.html	/blog/zh-daylight-saving-2026-prep	/tmp/opencode/worldtime/blog/zh-daylight-saving-2026-prep/index.html|/tmp/opencode/worldtime/blog/zh-daylight-saving-2026-prep|/tmp/opencode/worldtime/blog/zh-daylight-saving-2026-prep.html
ja/blog/index.html	/blog/zh-schedule-online-classes-time-zones	/tmp/opencode/worldtime/blog/zh-schedule-online-classes-time-zones/index.html|/tmp/opencode/worldtime/blog/zh-schedule-online-classes-time-zones|/tmp/opencode/worldtime/blog/zh-schedule-online-classes-time-zones.html
ja/blog/index.html	/blog/zh-utc-everything-guide	/tmp/opencode/worldtime/blog/zh-utc-everything-guide/index.html|/tmp/opencode/worldtime/blog/zh-utc-everything-guide|/tmp/opencode/worldtime/blog/zh-utc-everything-guide.html
ja/blog/index.html	/blog/zh-world-clock-desk-setup	/tmp/opencode/worldtime/blog/zh-world-clock-desk-setup/index.html|/tmp/opencode/worldtime/blog/zh-world-clock-desk-setup|/tmp/opencode/worldtime/blog/zh-world-clock-desk-setup.html
ja/blog/index.html	/blog/zz_scratch_manual	/tmp/opencode/worldtime/blog/zz_scratch_manual/index.html|/tmp/opencode/worldtime/blog/zz_scratch_manual|/tmp/opencode/worldtime/blog/zz_scratch_manual.html
ja/blog/index.html	/blog/zz_scratch_script	/tmp/opencode/worldtime/blog/zz_scratch_script/index.html|/tmp/opencode/worldtime/blog/zz_scratch_script|/tmp/opencode/worldtime/blog/zz_scratch_script.html
ja/blog/index.html	/ja/how-it-works	/tmp/opencode/worldtime/ja/how-it-works/index.html|/tmp/opencode/worldtime/ja/how-it-works|/tmp/opencode/worldtime/ja/how-it-works.html
ja/index.html	/	/index.html|/tmp/opencode/worldtime|/tmp/opencode/worldtime/.html
ja/index.html	/ja/dst-2026-worldwide	/tmp/opencode/worldtime/ja/dst-2026-worldwide/index.html|/tmp/opencode/worldtime/ja/dst-2026-worldwide|/tmp/opencode/worldtime/ja/dst-2026-worldwide.html
ja/index.html	/ja/remote-team-solutions	/tmp/opencode/worldtime/ja/remote-team-solutions/index.html|/tmp/opencode/worldtime/ja/remote-team-solutions|/tmp/opencode/worldtime/ja/remote-team-solutions.html
ja/index.html	/ja/time/	/tmp/opencode/worldtime/ja/time/index.html|/tmp/opencode/worldtime/ja/time|/tmp/opencode/worldtime/ja/time/.html
ja/index.html	/ja/time/sao-paulo	/tmp/opencode/worldtime/ja/time/sao-paulo/index.html|/tmp/opencode/worldtime/ja/time/sao-paulo|/tmp/opencode/worldtime/ja/time/sao-paulo.html
live.html	/	/index.html|/tmp/opencode/worldtime|/tmp/opencode/worldtime/.html
meeting-planner.html	/	/index.html|/tmp/opencode/worldtime|/tmp/opencode/worldtime/.html
meeting-planner.html	/time/	/tmp/opencode/worldtime/time/index.html|/tmp/opencode/worldtime/time|/tmp/opencode/worldtime/time/.html
privacy.html	/	/index.html|/tmp/opencode/worldtime|/tmp/opencode/worldtime/.html
remote-team-solutions.html	/	/index.html|/tmp/opencode/worldtime|/tmp/opencode/worldtime/.html
remote-team-solutions.html	/time/	/tmp/opencode/worldtime/time/index.html|/tmp/opencode/worldtime/time|/tmp/opencode/worldtime/time/.html
ru/blog/index.html	/	/index.html|/tmp/opencode/worldtime|/tmp/opencode/worldtime/.html
ru/blog/index.html	/blog/de-best-meeting-times-remote-teams	/tmp/opencode/worldtime/blog/de-best-meeting-times-remote-teams/index.html|/tmp/opencode/worldtime/blog/de-best-meeting-times-remote-teams|/tmp/opencode/worldtime/blog/de-best-meeting-times-remote-teams.html
ru/blog/index.html	/blog/de-daylight-saving-2026-prep	/tmp/opencode/worldtime/blog/de-daylight-saving-2026-prep/index.html|/tmp/opencode/worldtime/blog/de-daylight-saving-2026-prep|/tmp/opencode/worldtime/blog/de-daylight-saving-2026-prep.html
ru/blog/index.html	/blog/de-schedule-online-classes-time-zones	/tmp/opencode/worldtime/blog/de-schedule-online-classes-time-zones/index.html|/tmp/opencode/worldtime/blog/de-schedule-online-classes-time-zones|/tmp/opencode/worldtime/blog/de-schedule-online-classes-time-zones.html
ru/blog/index.html	/blog/de-utc-everything-guide	/tmp/opencode/worldtime/blog/de-utc-everything-guide/index.html|/tmp/opencode/worldtime/blog/de-utc-everything-guide|/tmp/opencode/worldtime/blog/de-utc-everything-guide.html
ru/blog/index.html	/blog/de-world-clock-desk-setup	/tmp/opencode/worldtime/blog/de-world-clock-desk-setup/index.html|/tmp/opencode/worldtime/blog/de-world-clock-desk-setup|/tmp/opencode/worldtime/blog/de-world-clock-desk-setup.html
ru/blog/index.html	/blog/es-best-meeting-times-remote-teams	/tmp/opencode/worldtime/blog/es-best-meeting-times-remote-teams/index.html|/tmp/opencode/worldtime/blog/es-best-meeting-times-remote-teams|/tmp/opencode/worldtime/blog/es-best-meeting-times-remote-teams.html
ru/blog/index.html	/blog/es-daylight-saving-2026-prep	/tmp/opencode/worldtime/blog/es-daylight-saving-2026-prep/index.html|/tmp/opencode/worldtime/blog/es-daylight-saving-2026-prep|/tmp/opencode/worldtime/blog/es-daylight-saving-2026-prep.html
ru/blog/index.html	/blog/es-schedule-online-classes-time-zones	/tmp/opencode/worldtime/blog/es-schedule-online-classes-time-zones/index.html|/tmp/opencode/worldtime/blog/es-schedule-online-classes-time-zones|/tmp/opencode/worldtime/blog/es-schedule-online-classes-time-zones.html
ru/blog/index.html	/blog/es-utc-everything-guide	/tmp/opencode/worldtime/blog/es-utc-everything-guide/index.html|/tmp/opencode/worldtime/blog/es-utc-everything-guide|/tmp/opencode/worldtime/blog/es-utc-everything-guide.html
ru/blog/index.html	/blog/es-world-clock-desk-setup	/tmp/opencode/worldtime/blog/es-world-clock-desk-setup/index.html|/tmp/opencode/worldtime/blog/es-world-clock-desk-setup|/tmp/opencode/worldtime/blog/es-world-clock-desk-setup.html
ru/blog/index.html	/blog/fr-best-meeting-times-remote-teams	/tmp/opencode/worldtime/blog/fr-best-meeting-times-remote-teams/index.html|/tmp/opencode/worldtime/blog/fr-best-meeting-times-remote-teams|/tmp/opencode/worldtime/blog/fr-best-meeting-times-remote-teams.html
ru/blog/index.html	/blog/fr-daylight-saving-2026-prep	/tmp/opencode/worldtime/blog/fr-daylight-saving-2026-prep/index.html|/tmp/opencode/worldtime/blog/fr-daylight-saving-2026-prep|/tmp/opencode/worldtime/blog/fr-daylight-saving-2026-prep.html
ru/blog/index.html	/blog/fr-schedule-online-classes-time-zones	/tmp/opencode/worldtime/blog/fr-schedule-online-classes-time-zones/index.html|/tmp/opencode/worldtime/blog/fr-schedule-online-classes-time-zones|/tmp/opencode/worldtime/blog/fr-schedule-online-classes-time-zones.html
ru/blog/index.html	/blog/fr-utc-everything-guide	/tmp/opencode/worldtime/blog/fr-utc-everything-guide/index.html|/tmp/opencode/worldtime/blog/fr-utc-everything-guide|/tmp/opencode/worldtime/blog/fr-utc-everything-guide.html
ru/blog/index.html	/blog/fr-world-clock-desk-setup	/tmp/opencode/worldtime/blog/fr-world-clock-desk-setup/index.html|/tmp/opencode/worldtime/blog/fr-world-clock-desk-setup|/tmp/opencode/worldtime/blog/fr-world-clock-desk-setup.html
ru/blog/index.html	/blog/it-best-meeting-times-remote-teams	/tmp/opencode/worldtime/blog/it-best-meeting-times-remote-teams/index.html|/tmp/opencode/worldtime/blog/it-best-meeting-times-remote-teams|/tmp/opencode/worldtime/blog/it-best-meeting-times-remote-teams.html
ru/blog/index.html	/blog/it-daylight-saving-2026-prep	/tmp/opencode/worldtime/blog/it-daylight-saving-2026-prep/index.html|/tmp/opencode/worldtime/blog/it-daylight-saving-2026-prep|/tmp/opencode/worldtime/blog/it-daylight-saving-2026-prep.html
ru/blog/index.html	/blog/it-schedule-online-classes-time-zones	/tmp/opencode/worldtime/blog/it-schedule-online-classes-time-zones/index.html|/tmp/opencode/worldtime/blog/it-schedule-online-classes-time-zones|/tmp/opencode/worldtime/blog/it-schedule-online-classes-time-zones.html
ru/blog/index.html	/blog/it-utc-everything-guide	/tmp/opencode/worldtime/blog/it-utc-everything-guide/index.html|/tmp/opencode/worldtime/blog/it-utc-everything-guide|/tmp/opencode/worldtime/blog/it-utc-everything-guide.html
ru/blog/index.html	/blog/it-world-clock-desk-setup	/tmp/opencode/worldtime/blog/it-world-clock-desk-setup/index.html|/tmp/opencode/worldtime/blog/it-world-clock-desk-setup|/tmp/opencode/worldtime/blog/it-world-clock-desk-setup.html
ru/blog/index.html	/blog/ja-best-meeting-times-remote-teams	/tmp/opencode/worldtime/blog/ja-best-meeting-times-remote-teams/index.html|/tmp/opencode/worldtime/blog/ja-best-meeting-times-remote-teams|/tmp/opencode/worldtime/blog/ja-best-meeting-times-remote-teams.html
ru/blog/index.html	/blog/ja-daylight-saving-2026-prep	/tmp/opencode/worldtime/blog/ja-daylight-saving-2026-prep/index.html|/tmp/opencode/worldtime/blog/ja-daylight-saving-2026-prep|/tmp/opencode/worldtime/blog/ja-daylight-saving-2026-prep.html
ru/blog/index.html	/blog/ja-schedule-online-classes-time-zones	/tmp/opencode/worldtime/blog/ja-schedule-online-classes-time-zones/index.html|/tmp/opencode/worldtime/blog/ja-schedule-online-classes-time-zones|/tmp/opencode/worldtime/blog/ja-schedule-online-classes-time-zones.html
ru/blog/index.html	/blog/ja-utc-everything-guide	/tmp/opencode/worldtime/blog/ja-utc-everything-guide/index.html|/tmp/opencode/worldtime/blog/ja-utc-everything-guide|/tmp/opencode/worldtime/blog/ja-utc-everything-guide.html
ru/blog/index.html	/blog/ja-world-clock-desk-setup	/tmp/opencode/worldtime/blog/ja-world-clock-desk-setup/index.html|/tmp/opencode/worldtime/blog/ja-world-clock-desk-setup|/tmp/opencode/worldtime/blog/ja-world-clock-desk-setup.html
ru/blog/index.html	/blog/ru-best-meeting-times-remote-teams	/tmp/opencode/worldtime/blog/ru-best-meeting-times-remote-teams/index.html|/tmp/opencode/worldtime/blog/ru-best-meeting-times-remote-teams|/tmp/opencode/worldtime/blog/ru-best-meeting-times-remote-teams.html
ru/blog/index.html	/blog/ru-daylight-saving-2026-prep	/tmp/opencode/worldtime/blog/ru-daylight-saving-2026-prep/index.html|/tmp/opencode/worldtime/blog/ru-daylight-saving-2026-prep|/tmp/opencode/worldtime/blog/ru-daylight-saving-2026-prep.html
ru/blog/index.html	/blog/ru-schedule-online-classes-time-zones	/tmp/opencode/worldtime/blog/ru-schedule-online-classes-time-zones/index.html|/tmp/opencode/worldtime/blog/ru-schedule-online-classes-time-zones|/tmp/opencode/worldtime/blog/ru-schedule-online-classes-time-zones.html
ru/blog/index.html	/blog/ru-utc-everything-guide	/tmp/opencode/worldtime/blog/ru-utc-everything-guide/index.html|/tmp/opencode/worldtime/blog/ru-utc-everything-guide|/tmp/opencode/worldtime/blog/ru-utc-everything-guide.html
ru/blog/index.html	/blog/ru-world-clock-desk-setup	/tmp/opencode/worldtime/blog/ru-world-clock-desk-setup/index.html|/tmp/opencode/worldtime/blog/ru-world-clock-desk-setup|/tmp/opencode/worldtime/blog/ru-world-clock-desk-setup.html
ru/blog/index.html	/blog/uk-best-meeting-times-remote-teams	/tmp/opencode/worldtime/blog/uk-best-meeting-times-remote-teams/index.html|/tmp/opencode/worldtime/blog/uk-best-meeting-times-remote-teams|/tmp/opencode/worldtime/blog/uk-best-meeting-times-remote-teams.html
ru/blog/index.html	/blog/uk-daylight-saving-2026-prep	/tmp/opencode/worldtime/blog/uk-daylight-saving-2026-prep/index.html|/tmp/opencode/worldtime/blog/uk-daylight-saving-2026-prep|/tmp/opencode/worldtime/blog/uk-daylight-saving-2026-prep.html
ru/blog/index.html	/blog/uk-schedule-online-classes-time-zones	/tmp/opencode/worldtime/blog/uk-schedule-online-classes-time-zones/index.html|/tmp/opencode/worldtime/blog/uk-schedule-online-classes-time-zones|/tmp/opencode/worldtime/blog/uk-schedule-online-classes-time-zones.html
ru/blog/index.html	/blog/uk-utc-everything-guide	/tmp/opencode/worldtime/blog/uk-utc-everything-guide/index.html|/tmp/opencode/worldtime/blog/uk-utc-everything-guide|/tmp/opencode/worldtime/blog/uk-utc-everything-guide.html
ru/blog/index.html	/blog/uk-world-clock-desk-setup	/tmp/opencode/worldtime/blog/uk-world-clock-desk-setup/index.html|/tmp/opencode/worldtime/blog/uk-world-clock-desk-setup|/tmp/opencode/worldtime/blog/uk-world-clock-desk-setup.html
ru/blog/index.html	/blog/zh-best-meeting-times-remote-teams	/tmp/opencode/worldtime/blog/zh-best-meeting-times-remote-teams/index.html|/tmp/opencode/worldtime/blog/zh-best-meeting-times-remote-teams|/tmp/opencode/worldtime/blog/zh-best-meeting-times-remote-teams.html
ru/blog/index.html	/blog/zh-daylight-saving-2026-prep	/tmp/opencode/worldtime/blog/zh-daylight-saving-2026-prep/index.html|/tmp/opencode/worldtime/blog/zh-daylight-saving-2026-prep|/tmp/opencode/worldtime/blog/zh-daylight-saving-2026-prep.html
ru/blog/index.html	/blog/zh-schedule-online-classes-time-zones	/tmp/opencode/worldtime/blog/zh-schedule-online-classes-time-zones/index.html|/tmp/opencode/worldtime/blog/zh-schedule-online-classes-time-zones|/tmp/opencode/worldtime/blog/zh-schedule-online-classes-time-zones.html
ru/blog/index.html	/blog/zh-utc-everything-guide	/tmp/opencode/worldtime/blog/zh-utc-everything-guide/index.html|/tmp/opencode/worldtime/blog/zh-utc-everything-guide|/tmp/opencode/worldtime/blog/zh-utc-everything-guide.html
ru/blog/index.html	/blog/zh-world-clock-desk-setup	/tmp/opencode/worldtime/blog/zh-world-clock-desk-setup/index.html|/tmp/opencode/worldtime/blog/zh-world-clock-desk-setup|/tmp/opencode/worldtime/blog/zh-world-clock-desk-setup.html
ru/blog/index.html	/blog/zz_scratch_manual	/tmp/opencode/worldtime/blog/zz_scratch_manual/index.html|/tmp/opencode/worldtime/blog/zz_scratch_manual|/tmp/opencode/worldtime/blog/zz_scratch_manual.html
ru/blog/index.html	/blog/zz_scratch_script	/tmp/opencode/worldtime/blog/zz_scratch_script/index.html|/tmp/opencode/worldtime/blog/zz_scratch_script|/tmp/opencode/worldtime/blog/zz_scratch_script.html
ru/blog/index.html	/ru/how-it-works	/tmp/opencode/worldtime/ru/how-it-works/index.html|/tmp/opencode/worldtime/ru/how-it-works|/tmp/opencode/worldtime/ru/how-it-works.html
ru/index.html	/	/index.html|/tmp/opencode/worldtime|/tmp/opencode/worldtime/.html
ru/index.html	/ru/dst-2026-worldwide	/tmp/opencode/worldtime/ru/dst-2026-worldwide/index.html|/tmp/opencode/worldtime/ru/dst-2026-worldwide|/tmp/opencode/worldtime/ru/dst-2026-worldwide.html
ru/index.html	/ru/remote-team-solutions	/tmp/opencode/worldtime/ru/remote-team-solutions/index.html|/tmp/opencode/worldtime/ru/remote-team-solutions|/tmp/opencode/worldtime/ru/remote-team-solutions.html
ru/index.html	/ru/time/	/tmp/opencode/worldtime/ru/time/index.html|/tmp/opencode/worldtime/ru/time|/tmp/opencode/worldtime/ru/time/.html
ru/index.html	/ru/time/sao-paulo	/tmp/opencode/worldtime/ru/time/sao-paulo/index.html|/tmp/opencode/worldtime/ru/time/sao-paulo|/tmp/opencode/worldtime/ru/time/sao-paulo.html
sunrise-sunset.html	/	/index.html|/tmp/opencode/worldtime|/tmp/opencode/worldtime/.html
terms.html	/	/index.html|/tmp/opencode/worldtime|/tmp/opencode/worldtime/.html
time-difference.html	/	/index.html|/tmp/opencode/worldtime|/tmp/opencode/worldtime/.html
time-zone-converter.html	/	/index.html|/tmp/opencode/worldtime|/tmp/opencode/worldtime/.html
time-zone-map.html	/	/index.html|/tmp/opencode/worldtime|/tmp/opencode/worldtime/.html
time-zones/aest.html	/	/index.html|/tmp/opencode/worldtime|/tmp/opencode/worldtime/.html
time-zones/akst.html	/	/index.html|/tmp/opencode/worldtime|/tmp/opencode/worldtime/.html
time-zones/americas.html	/	/index.html|/tmp/opencode/worldtime|/tmp/opencode/worldtime/.html
time-zones/asia.html	/	/index.html|/tmp/opencode/worldtime|/tmp/opencode/worldtime/.html
time-zones/brt.html	/	/index.html|/tmp/opencode/worldtime|/tmp/opencode/worldtime/.html
time-zones/cet.html	/	/index.html|/tmp/opencode/worldtime|/tmp/opencode/worldtime/.html
time-zones/cst-china.html	/	/index.html|/tmp/opencode/worldtime|/tmp/opencode/worldtime/.html
time-zones/cst.html	/	/index.html|/tmp/opencode/worldtime|/tmp/opencode/worldtime/.html
time-zones/eet.html	/	/index.html|/tmp/opencode/worldtime|/tmp/opencode/worldtime/.html
time-zones/est.html	/	/index.html|/tmp/opencode/worldtime|/tmp/opencode/worldtime/.html
time-zones/europe.html	/	/index.html|/tmp/opencode/worldtime|/tmp/opencode/worldtime/.html
time-zones/gmt.html	/	/index.html|/tmp/opencode/worldtime|/tmp/opencode/worldtime/.html
time-zones/hst.html	/	/index.html|/tmp/opencode/worldtime|/tmp/opencode/worldtime/.html
time-zones/index.html	/	/index.html|/tmp/opencode/worldtime|/tmp/opencode/worldtime/.html
time-zones/ist.html	/	/index.html|/tmp/opencode/worldtime|/tmp/opencode/worldtime/.html
time-zones/jst.html	/	/index.html|/tmp/opencode/worldtime|/tmp/opencode/worldtime/.html
time-zones/kst.html	/	/index.html|/tmp/opencode/worldtime|/tmp/opencode/worldtime/.html
time-zones/msk.html	/	/index.html|/tmp/opencode/worldtime|/tmp/opencode/worldtime/.html
time-zones/mst.html	/	/index.html|/tmp/opencode/worldtime|/tmp/opencode/worldtime/.html
time-zones/pst.html	/	/index.html|/tmp/opencode/worldtime|/tmp/opencode/worldtime/.html
time-zones/utc.html	/	/index.html|/tmp/opencode/worldtime|/tmp/opencode/worldtime/.html
time/aarhus.html	/	/index.html|/tmp/opencode/worldtime|/tmp/opencode/worldtime/.html
time/aberdeen.html	/	/index.html|/tmp/opencode/worldtime|/tmp/opencode/worldtime/.html
time/abidjan.html	/	/index.html|/tmp/opencode/worldtime|/tmp/opencode/worldtime/.html
time/abu-dhabi.html	/	/index.html|/tmp/opencode/worldtime|/tmp/opencode/worldtime/.html
time/abuja.html	/	/index.html|/tmp/opencode/worldtime|/tmp/opencode/worldtime/.html
time/acapulco.html	/	/index.html|/tmp/opencode/worldtime|/tmp/opencode/worldtime/.html
time/accra.html	/	/index.html|/tmp/opencode/worldtime|/tmp/opencode/worldtime/.html
time/adana.html	/	/index.html|/tmp/opencode/worldtime|/tmp/opencode/worldtime/.html
time/addis-ababa.html	/	/index.html|/tmp/opencode/worldtime|/tmp/opencode/worldtime/.html
time/adelaide.html	/	/index.html|/tmp/opencode/worldtime|/tmp/opencode/worldtime/.html
time/agadir.html	/	/index.html|/tmp/opencode/worldtime|/tmp/opencode/worldtime/.html
time/agra.html	/	/index.html|/tmp/opencode/worldtime|/tmp/opencode/worldtime/.html
time/ahmedabad.html	/	/index.html|/tmp/opencode/worldtime|/tmp/opencode/worldtime/.html
time/aktobe.html	/	/index.html|/tmp/opencode/worldtime|/tmp/opencode/worldtime/.html
time/albuquerque.html	/	/index.html|/tmp/opencode/worldtime|/tmp/opencode/worldtime/.html
time/alexandria.html	/	/index.html|/tmp/opencode/worldtime|/tmp/opencode/worldtime/.html
time/algiers.html	/	/index.html|/tmp/opencode/worldtime|/tmp/opencode/worldtime/.html
time/alice-springs.html	/	/index.html|/tmp/opencode/worldtime|/tmp/opencode/worldtime/.html
time/almaty.html	/	/index.html|/tmp/opencode/worldtime|/tmp/opencode/worldtime/.html
time/alofi.html	/	/index.html|/tmp/opencode/worldtime|/tmp/opencode/worldtime/.html
time/amman.html	/	/index.html|/tmp/opencode/worldtime|/tmp/opencode/worldtime/.html
time/amsterdam.html	/	/index.html|/tmp/opencode/worldtime|/tmp/opencode/worldtime/.html
time/anchorage.html	/	/index.html|/tmp/opencode/worldtime|/tmp/opencode/worldtime/.html
time/ancud.html	/	/index.html|/tmp/opencode/worldtime|/tmp/opencode/worldtime/.html
time/ankara.html	/	/index.html|/tmp/opencode/worldtime|/tmp/opencode/worldtime/.html
time/antananarivo.html	/	/index.html|/tmp/opencode/worldtime|/tmp/opencode/worldtime/.html
time/antwerp.html	/	/index.html|/tmp/opencode/worldtime|/tmp/opencode/worldtime/.html
time/apia.html	/	/index.html|/tmp/opencode/worldtime|/tmp/opencode/worldtime/.html
time/aqaba.html	/	/index.html|/tmp/opencode/worldtime|/tmp/opencode/worldtime/.html
time/aracaju.html	/	/index.html|/tmp/opencode/worldtime|/tmp/opencode/worldtime/.html
time/arequipa.html	/	/index.html|/tmp/opencode/worldtime|/tmp/opencode/worldtime/.html
time/arica.html	/	/index.html|/tmp/opencode/worldtime|/tmp/opencode/worldtime/.html
time/arkhangelsk.html	/	/index.html|/tmp/opencode/worldtime|/tmp/opencode/worldtime/.html
time/arusha.html	/	/index.html|/tmp/opencode/worldtime|/tmp/opencode/worldtime/.html
time/ashgabat.html	/	/index.html|/tmp/opencode/worldtime|/tmp/opencode/worldtime/.html
time/asmara.html	/	/index.html|/tmp/opencode/worldtime|/tmp/opencode/worldtime/.html
time/astana.html	/	/index.html|/tmp/opencode/worldtime|/tmp/opencode/worldtime/.html
time/asunci-n.html	/	/index.html|/tmp/opencode/worldtime|/tmp/opencode/worldtime/.html
time/aswan.html	/	/index.html|/tmp/opencode/worldtime|/tmp/opencode/worldtime/.html
time/athens.html	/	/index.html|/tmp/opencode/worldtime|/tmp/opencode/worldtime/.html
time/atlanta.html	/	/index.html|/tmp/opencode/worldtime|/tmp/opencode/worldtime/.html
time/auckland.html	/	/index.html|/tmp/opencode/worldtime|/tmp/opencode/worldtime/.html
time/austin.html	/	/index.html|/tmp/opencode/worldtime|/tmp/opencode/worldtime/.html
time/avarua.html	/	/index.html|/tmp/opencode/worldtime|/tmp/opencode/worldtime/.html
time/baghdad.html	/	/index.html|/tmp/opencode/worldtime|/tmp/opencode/worldtime/.html
time/baku.html	/	/index.html|/tmp/opencode/worldtime|/tmp/opencode/worldtime/.html
time/baltimore.html	/	/index.html|/tmp/opencode/worldtime|/tmp/opencode/worldtime/.html
time/bamako.html	/	/index.html|/tmp/opencode/worldtime|/tmp/opencode/worldtime/.html
time/bandar-seri-begawan.html	/	/index.html|/tmp/opencode/worldtime|/tmp/opencode/worldtime/.html
time/bandung.html	/	/index.html|/tmp/opencode/worldtime|/tmp/opencode/worldtime/.html
time/bangalore.html	/	/index.html|/tmp/opencode/worldtime|/tmp/opencode/worldtime/.html
time/bangkok.html	/	/index.html|/tmp/opencode/worldtime|/tmp/opencode/worldtime/.html
time/bangui.html	/	/index.html|/tmp/opencode/worldtime|/tmp/opencode/worldtime/.html
time/banjul.html	/	/index.html|/tmp/opencode/worldtime|/tmp/opencode/worldtime/.html
time/barcelona.html	/	/index.html|/tmp/opencode/worldtime|/tmp/opencode/worldtime/.html
time/bari.html	/	/index.html|/tmp/opencode/worldtime|/tmp/opencode/worldtime/.html
time/barquisimeto.html	/	/index.html|/tmp/opencode/worldtime|/tmp/opencode/worldtime/.html
time/barranquilla.html	/	/index.html|/tmp/opencode/worldtime|/tmp/opencode/worldtime/.html
time/basel.html	/	/index.html|/tmp/opencode/worldtime|/tmp/opencode/worldtime/.html
time/basra.html	/	/index.html|/tmp/opencode/worldtime|/tmp/opencode/worldtime/.html
time/batumi.html	/	/index.html|/tmp/opencode/worldtime|/tmp/opencode/worldtime/.html
time/beijing.html	/	/index.html|/tmp/opencode/worldtime|/tmp/opencode/worldtime/.html
time/beira.html	/	/index.html|/tmp/opencode/worldtime|/tmp/opencode/worldtime/.html
time/beirut.html	/	/index.html|/tmp/opencode/worldtime|/tmp/opencode/worldtime/.html
time/belfast.html	/	/index.html|/tmp/opencode/worldtime|/tmp/opencode/worldtime/.html
time/belgrade.html	/	/index.html|/tmp/opencode/worldtime|/tmp/opencode/worldtime/.html
time/belize-city.html	/	/index.html|/tmp/opencode/worldtime|/tmp/opencode/worldtime/.html
time/belmopan.html	/	/index.html|/tmp/opencode/worldtime|/tmp/opencode/worldtime/.html
time/benghazi.html	/	/index.html|/tmp/opencode/worldtime|/tmp/opencode/worldtime/.html
time/benin-city.html	/	/index.html|/tmp/opencode/worldtime|/tmp/opencode/worldtime/.html
time/bergen.html	/	/index.html|/tmp/opencode/worldtime|/tmp/opencode/worldtime/.html
time/berlin.html	/	/index.html|/tmp/opencode/worldtime|/tmp/opencode/worldtime/.html
time/bern.html	/	/index.html|/tmp/opencode/worldtime|/tmp/opencode/worldtime/.html
time/bhopal.html	/	/index.html|/tmp/opencode/worldtime|/tmp/opencode/worldtime/.html
time/bhubaneswar.html	/	/index.html|/tmp/opencode/worldtime|/tmp/opencode/worldtime/.html
time/bilbao.html	/	/index.html|/tmp/opencode/worldtime|/tmp/opencode/worldtime/.html
time/birmingham.html	/	/index.html|/tmp/opencode/worldtime|/tmp/opencode/worldtime/.html
time/bishkek.html	/	/index.html|/tmp/opencode/worldtime|/tmp/opencode/worldtime/.html
time/bissau.html	/	/index.html|/tmp/opencode/worldtime|/tmp/opencode/worldtime/.html
time/blantyre.html	/	/index.html|/tmp/opencode/worldtime|/tmp/opencode/worldtime/.html
time/bloemfontein.html	/	/index.html|/tmp/opencode/worldtime|/tmp/opencode/worldtime/.html
time/boa-vista.html	/	/index.html|/tmp/opencode/worldtime|/tmp/opencode/worldtime/.html
time/bogot.html	/	/index.html|/tmp/opencode/worldtime|/tmp/opencode/worldtime/.html
time/boise.html	/	/index.html|/tmp/opencode/worldtime|/tmp/opencode/worldtime/.html
time/bologna.html	/	/index.html|/tmp/opencode/worldtime|/tmp/opencode/worldtime/.html
time/bordeaux.html	/	/index.html|/tmp/opencode/worldtime|/tmp/opencode/worldtime/.html
time/boston.html	/	/index.html|/tmp/opencode/worldtime|/tmp/opencode/worldtime/.html
time/bras-lia.html	/	/index.html|/tmp/opencode/worldtime|/tmp/opencode/worldtime/.html
time/bratislava.html	/	/index.html|/tmp/opencode/worldtime|/tmp/opencode/worldtime/.html
time/brazzaville.html	/	/index.html|/tmp/opencode/worldtime|/tmp/opencode/worldtime/.html
time/bremen.html	/	/index.html|/tmp/opencode/worldtime|/tmp/opencode/worldtime/.html
time/brest.html	/	/index.html|/tmp/opencode/worldtime|/tmp/opencode/worldtime/.html
time/bridgetown.html	/	/index.html|/tmp/opencode/worldtime|/tmp/opencode/worldtime/.html
time/brighton.html	/	/index.html|/tmp/opencode/worldtime|/tmp/opencode/worldtime/.html
time/brisbane.html	/	/index.html|/tmp/opencode/worldtime|/tmp/opencode/worldtime/.html
time/bristol.html	/	/index.html|/tmp/opencode/worldtime|/tmp/opencode/worldtime/.html
time/brno.html	/	/index.html|/tmp/opencode/worldtime|/tmp/opencode/worldtime/.html
time/broome.html	/	/index.html|/tmp/opencode/worldtime|/tmp/opencode/worldtime/.html
time/brussels.html	/	/index.html|/tmp/opencode/worldtime|/tmp/opencode/worldtime/.html
time/bucaramanga.html	/	/index.html|/tmp/opencode/worldtime|/tmp/opencode/worldtime/.html
time/bucharest.html	/	/index.html|/tmp/opencode/worldtime|/tmp/opencode/worldtime/.html
time/budapest.html	/	/index.html|/tmp/opencode/worldtime|/tmp/opencode/worldtime/.html
time/buenos-aires.html	/	/index.html|/tmp/opencode/worldtime|/tmp/opencode/worldtime/.html
time/buffalo.html	/	/index.html|/tmp/opencode/worldtime|/tmp/opencode/worldtime/.html
time/bujumbura.html	/	/index.html|/tmp/opencode/worldtime|/tmp/opencode/worldtime/.html
time/bukhara.html	/	/index.html|/tmp/opencode/worldtime|/tmp/opencode/worldtime/.html
time/bulawayo.html	/	/index.html|/tmp/opencode/worldtime|/tmp/opencode/worldtime/.html
time/bursa.html	/	/index.html|/tmp/opencode/worldtime|/tmp/opencode/worldtime/.html
time/busan.html	/	/index.html|/tmp/opencode/worldtime|/tmp/opencode/worldtime/.html
time/c-rdoba.html	/	/index.html|/tmp/opencode/worldtime|/tmp/opencode/worldtime/.html
time/cairns.html	/	/index.html|/tmp/opencode/worldtime|/tmp/opencode/worldtime/.html
time/cairo.html	/	/index.html|/tmp/opencode/worldtime|/tmp/opencode/worldtime/.html
time/calgary.html	/	/index.html|/tmp/opencode/worldtime|/tmp/opencode/worldtime/.html
time/cambridge.html	/	/index.html|/tmp/opencode/worldtime|/tmp/opencode/worldtime/.html
time/campinas.html	/	/index.html|/tmp/opencode/worldtime|/tmp/opencode/worldtime/.html
time/canberra.html	/	/index.html|/tmp/opencode/worldtime|/tmp/opencode/worldtime/.html
time/cancun.html	/	/index.html|/tmp/opencode/worldtime|/tmp/opencode/worldtime/.html
time/cannes.html	/	/index.html|/tmp/opencode/worldtime|/tmp/opencode/worldtime/.html
time/cape-town.html	/	/index.html|/tmp/opencode/worldtime|/tmp/opencode/worldtime/.html
time/caracas.html	/	/index.html|/tmp/opencode/worldtime|/tmp/opencode/worldtime/.html
time/cardiff.html	/	/index.html|/tmp/opencode/worldtime|/tmp/opencode/worldtime/.html
time/cartagena.html	/	/index.html|/tmp/opencode/worldtime|/tmp/opencode/worldtime/.html
time/casablanca.html	/	/index.html|/tmp/opencode/worldtime|/tmp/opencode/worldtime/.html
time/castries.html	/	/index.html|/tmp/opencode/worldtime|/tmp/opencode/worldtime/.html
time/catania.html	/	/index.html|/tmp/opencode/worldtime|/tmp/opencode/worldtime/.html
time/cayenne.html	/	/index.html|/tmp/opencode/worldtime|/tmp/opencode/worldtime/.html
time/cebu-city.html	/	/index.html|/tmp/opencode/worldtime|/tmp/opencode/worldtime/.html
time/chandigarh.html	/	/index.html|/tmp/opencode/worldtime|/tmp/opencode/worldtime/.html
time/changsha.html	/	/index.html|/tmp/opencode/worldtime|/tmp/opencode/worldtime/.html
time/charlotte.html	/	/index.html|/tmp/opencode/worldtime|/tmp/opencode/worldtime/.html
time/chengdu.html	/	/index.html|/tmp/opencode/worldtime|/tmp/opencode/worldtime/.html
time/chennai.html	/	/index.html|/tmp/opencode/worldtime|/tmp/opencode/worldtime/.html
time/chernihiv.html	/	/index.html|/tmp/opencode/worldtime|/tmp/opencode/worldtime/.html
time/chernivtsi.html	/	/index.html|/tmp/opencode/worldtime|/tmp/opencode/worldtime/.html
time/chiang-mai.html	/	/index.html|/tmp/opencode/worldtime|/tmp/opencode/worldtime/.html
time/chiba.html	/	/index.html|/tmp/opencode/worldtime|/tmp/opencode/worldtime/.html
time/chicago.html	/	/index.html|/tmp/opencode/worldtime|/tmp/opencode/worldtime/.html
time/chiclayo.html	/	/index.html|/tmp/opencode/worldtime|/tmp/opencode/worldtime/.html
time/chisinau.html	/	/index.html|/tmp/opencode/worldtime|/tmp/opencode/worldtime/.html
time/chittagong.html	/	/index.html|/tmp/opencode/worldtime|/tmp/opencode/worldtime/.html
time/chongqing.html	/	/index.html|/tmp/opencode/worldtime|/tmp/opencode/worldtime/.html
time/christchurch.html	/	/index.html|/tmp/opencode/worldtime|/tmp/opencode/worldtime/.html
time/cincinnati.html	/	/index.html|/tmp/opencode/worldtime|/tmp/opencode/worldtime/.html
time/ciudad-del-este.html	/	/index.html|/tmp/opencode/worldtime|/tmp/opencode/worldtime/.html
time/cleveland.html	/	/index.html|/tmp/opencode/worldtime|/tmp/opencode/worldtime/.html
time/cluj-napoca.html	/	/index.html|/tmp/opencode/worldtime|/tmp/opencode/worldtime/.html
time/cochabamba.html	/	/index.html|/tmp/opencode/worldtime|/tmp/opencode/worldtime/.html
time/coimbatore.html	/	/index.html|/tmp/opencode/worldtime|/tmp/opencode/worldtime/.html
time/cologne.html	/	/index.html|/tmp/opencode/worldtime|/tmp/opencode/worldtime/.html
time/columbus.html	/	/index.html|/tmp/opencode/worldtime|/tmp/opencode/worldtime/.html
time/conakry.html	/	/index.html|/tmp/opencode/worldtime|/tmp/opencode/worldtime/.html
time/concepci-n.html	/	/index.html|/tmp/opencode/worldtime|/tmp/opencode/worldtime/.html
time/constantine.html	/	/index.html|/tmp/opencode/worldtime|/tmp/opencode/worldtime/.html
time/copenhagen.html	/	/index.html|/tmp/opencode/worldtime|/tmp/opencode/worldtime/.html
time/cotonou.html	/	/index.html|/tmp/opencode/worldtime|/tmp/opencode/worldtime/.html
time/coventry.html	/	/index.html|/tmp/opencode/worldtime|/tmp/opencode/worldtime/.html
time/cuenca.html	/	/index.html|/tmp/opencode/worldtime|/tmp/opencode/worldtime/.html
time/cuiab.html	/	/index.html|/tmp/opencode/worldtime|/tmp/opencode/worldtime/.html
time/curitiba.html	/	/index.html|/tmp/opencode/worldtime|/tmp/opencode/worldtime/.html
time/cusco.html	/	/index.html|/tmp/opencode/worldtime|/tmp/opencode/worldtime/.html
time/d-sseldorf.html	/	/index.html|/tmp/opencode/worldtime|/tmp/opencode/worldtime/.html
time/d.html	/	/index.html|/tmp/opencode/worldtime|/tmp/opencode/worldtime/.html
time/da-nang.html	/	/index.html|/tmp/opencode/worldtime|/tmp/opencode/worldtime/.html
time/daegu.html	/	/index.html|/tmp/opencode/worldtime|/tmp/opencode/worldtime/.html
time/daejeon.html	/	/index.html|/tmp/opencode/worldtime|/tmp/opencode/worldtime/.html
time/dakar.html	/	/index.html|/tmp/opencode/worldtime|/tmp/opencode/worldtime/.html
time/dalian.html	/	/index.html|/tmp/opencode/worldtime|/tmp/opencode/worldtime/.html
time/dallas.html	/	/index.html|/tmp/opencode/worldtime|/tmp/opencode/worldtime/.html
time/dammam.html	/	/index.html|/tmp/opencode/worldtime|/tmp/opencode/worldtime/.html
time/dar-es-salaam.html	/	/index.html|/tmp/opencode/worldtime|/tmp/opencode/worldtime/.html
time/darwin.html	/	/index.html|/tmp/opencode/worldtime|/tmp/opencode/worldtime/.html
time/davao-city.html	/	/index.html|/tmp/opencode/worldtime|/tmp/opencode/worldtime/.html
time/debrecen.html	/	/index.html|/tmp/opencode/worldtime|/tmp/opencode/worldtime/.html
time/denpasar.html	/	/index.html|/tmp/opencode/worldtime|/tmp/opencode/worldtime/.html
time/denver.html	/	/index.html|/tmp/opencode/worldtime|/tmp/opencode/worldtime/.html
time/detroit.html	/	/index.html|/tmp/opencode/worldtime|/tmp/opencode/worldtime/.html
time/dhaka.html	/	/index.html|/tmp/opencode/worldtime|/tmp/opencode/worldtime/.html
time/dili.html	/	/index.html|/tmp/opencode/worldtime|/tmp/opencode/worldtime/.html
time/dire-dawa.html	/	/index.html|/tmp/opencode/worldtime|/tmp/opencode/worldtime/.html
time/djibouti.html	/	/index.html|/tmp/opencode/worldtime|/tmp/opencode/worldtime/.html
time/dnipro.html	/	/index.html|/tmp/opencode/worldtime|/tmp/opencode/worldtime/.html
time/doha.html	/	/index.html|/tmp/opencode/worldtime|/tmp/opencode/worldtime/.html
time/donetsk.html	/	/index.html|/tmp/opencode/worldtime|/tmp/opencode/worldtime/.html
time/dortmund.html	/	/index.html|/tmp/opencode/worldtime|/tmp/opencode/worldtime/.html
time/douala.html	/	/index.html|/tmp/opencode/worldtime|/tmp/opencode/worldtime/.html
time/dresden.html	/	/index.html|/tmp/opencode/worldtime|/tmp/opencode/worldtime/.html
time/dubai.html	/	/index.html|/tmp/opencode/worldtime|/tmp/opencode/worldtime/.html
time/dublin.html	/	/index.html|/tmp/opencode/worldtime|/tmp/opencode/worldtime/.html
time/dunedin.html	/	/index.html|/tmp/opencode/worldtime|/tmp/opencode/worldtime/.html
time/durban.html	/	/index.html|/tmp/opencode/worldtime|/tmp/opencode/worldtime/.html
time/east-london.html	/	/index.html|/tmp/opencode/worldtime|/tmp/opencode/worldtime/.html
time/edinburgh.html	/	/index.html|/tmp/opencode/worldtime|/tmp/opencode/worldtime/.html
time/edmonton.html	/	/index.html|/tmp/opencode/worldtime|/tmp/opencode/worldtime/.html
time/eindhoven.html	/	/index.html|/tmp/opencode/worldtime|/tmp/opencode/worldtime/.html
time/encarnaci-n.html	/	/index.html|/tmp/opencode/worldtime|/tmp/opencode/worldtime/.html
time/erbil.html	/	/index.html|/tmp/opencode/worldtime|/tmp/opencode/worldtime/.html
time/erdenet.html	/	/index.html|/tmp/opencode/worldtime|/tmp/opencode/worldtime/.html
time/espoo.html	/	/index.html|/tmp/opencode/worldtime|/tmp/opencode/worldtime/.html
time/essen.html	/	/index.html|/tmp/opencode/worldtime|/tmp/opencode/worldtime/.html
time/faisalabad.html	/	/index.html|/tmp/opencode/worldtime|/tmp/opencode/worldtime/.html
time/faro.html	/	/index.html|/tmp/opencode/worldtime|/tmp/opencode/worldtime/.html
time/fez.html	/	/index.html|/tmp/opencode/worldtime|/tmp/opencode/worldtime/.html
time/florence.html	/	/index.html|/tmp/opencode/worldtime|/tmp/opencode/worldtime/.html
time/florian-polis.html	/	/index.html|/tmp/opencode/worldtime|/tmp/opencode/worldtime/.html
time/fortaleza.html	/	/index.html|/tmp/opencode/worldtime|/tmp/opencode/worldtime/.html
time/francistown.html	/	/index.html|/tmp/opencode/worldtime|/tmp/opencode/worldtime/.html
time/frankfurt.html	/	/index.html|/tmp/opencode/worldtime|/tmp/opencode/worldtime/.html
time/freetown.html	/	/index.html|/tmp/opencode/worldtime|/tmp/opencode/worldtime/.html
time/fresno.html	/	/index.html|/tmp/opencode/worldtime|/tmp/opencode/worldtime/.html
time/fukuoka.html	/	/index.html|/tmp/opencode/worldtime|/tmp/opencode/worldtime/.html
time/funafuti.html	/	/index.html|/tmp/opencode/worldtime|/tmp/opencode/worldtime/.html
time/funchal.html	/	/index.html|/tmp/opencode/worldtime|/tmp/opencode/worldtime/.html
time/fuzhou.html	/	/index.html|/tmp/opencode/worldtime|/tmp/opencode/worldtime/.html
time/gaborone.html	/	/index.html|/tmp/opencode/worldtime|/tmp/opencode/worldtime/.html
time/galway.html	/	/index.html|/tmp/opencode/worldtime|/tmp/opencode/worldtime/.html
time/ganja.html	/	/index.html|/tmp/opencode/worldtime|/tmp/opencode/worldtime/.html
time/gda-sk.html	/	/index.html|/tmp/opencode/worldtime|/tmp/opencode/worldtime/.html
time/geneva.html	/	/index.html|/tmp/opencode/worldtime|/tmp/opencode/worldtime/.html
time/genoa.html	/	/index.html|/tmp/opencode/worldtime|/tmp/opencode/worldtime/.html
time/george-town.html	/	/index.html|/tmp/opencode/worldtime|/tmp/opencode/worldtime/.html
time/georgetown.html	/	/index.html|/tmp/opencode/worldtime|/tmp/opencode/worldtime/.html
time/ghent.html	/	/index.html|/tmp/opencode/worldtime|/tmp/opencode/worldtime/.html
time/giza.html	/	/index.html|/tmp/opencode/worldtime|/tmp/opencode/worldtime/.html
time/glasgow.html	/	/index.html|/tmp/opencode/worldtime|/tmp/opencode/worldtime/.html
time/goi-nia.html	/	/index.html|/tmp/opencode/worldtime|/tmp/opencode/worldtime/.html
time/gold-coast.html	/	/index.html|/tmp/opencode/worldtime|/tmp/opencode/worldtime/.html
time/gomel.html	/	/index.html|/tmp/opencode/worldtime|/tmp/opencode/worldtime/.html
time/gothenburg.html	/	/index.html|/tmp/opencode/worldtime|/tmp/opencode/worldtime/.html
time/graz.html	/	/index.html|/tmp/opencode/worldtime|/tmp/opencode/worldtime/.html
time/guadalajara.html	/	/index.html|/tmp/opencode/worldtime|/tmp/opencode/worldtime/.html
time/guangzhou.html	/	/index.html|/tmp/opencode/worldtime|/tmp/opencode/worldtime/.html
time/guatemala-city.html	/	/index.html|/tmp/opencode/worldtime|/tmp/opencode/worldtime/.html
time/guayaquil.html	/	/index.html|/tmp/opencode/worldtime|/tmp/opencode/worldtime/.html
time/guiyang.html	/	/index.html|/tmp/opencode/worldtime|/tmp/opencode/worldtime/.html
time/guwahati.html	/	/index.html|/tmp/opencode/worldtime|/tmp/opencode/worldtime/.html
time/gwangju.html	/	/index.html|/tmp/opencode/worldtime|/tmp/opencode/worldtime/.html
time/gyumri.html	/	/index.html|/tmp/opencode/worldtime|/tmp/opencode/worldtime/.html
time/hag-t-a.html	/	/index.html|/tmp/opencode/worldtime|/tmp/opencode/worldtime/.html
time/halifax.html	/	/index.html|/tmp/opencode/worldtime|/tmp/opencode/worldtime/.html
time/hamburg.html	/	/index.html|/tmp/opencode/worldtime|/tmp/opencode/worldtime/.html
time/hamilton.html	/	/index.html|/tmp/opencode/worldtime|/tmp/opencode/worldtime/.html
time/hanga-roa.html	/	/index.html|/tmp/opencode/worldtime|/tmp/opencode/worldtime/.html
time/hangzhou.html	/	/index.html|/tmp/opencode/worldtime|/tmp/opencode/worldtime/.html
time/hannover.html	/	/index.html|/tmp/opencode/worldtime|/tmp/opencode/worldtime/.html
time/harare.html	/	/index.html|/tmp/opencode/worldtime|/tmp/opencode/worldtime/.html
time/harbin.html	/	/index.html|/tmp/opencode/worldtime|/tmp/opencode/worldtime/.html
time/hargeisa.html	/	/index.html|/tmp/opencode/worldtime|/tmp/opencode/worldtime/.html
time/havana.html	/	/index.html|/tmp/opencode/worldtime|/tmp/opencode/worldtime/.html
time/heidelberg.html	/	/index.html|/tmp/opencode/worldtime|/tmp/opencode/worldtime/.html
time/helsinki.html	/	/index.html|/tmp/opencode/worldtime|/tmp/opencode/worldtime/.html
time/heraklion.html	/	/index.html|/tmp/opencode/worldtime|/tmp/opencode/worldtime/.html
time/hiroshima.html	/	/index.html|/tmp/opencode/worldtime|/tmp/opencode/worldtime/.html
time/ho-chi-minh-city.html	/	/index.html|/tmp/opencode/worldtime|/tmp/opencode/worldtime/.html
time/hobart.html	/	/index.html|/tmp/opencode/worldtime|/tmp/opencode/worldtime/.html
time/hong-kong.html	/	/index.html|/tmp/opencode/worldtime|/tmp/opencode/worldtime/.html
time/honiara.html	/	/index.html|/tmp/opencode/worldtime|/tmp/opencode/worldtime/.html
time/honolulu.html	/	/index.html|/tmp/opencode/worldtime|/tmp/opencode/worldtime/.html
time/houston.html	/	/index.html|/tmp/opencode/worldtime|/tmp/opencode/worldtime/.html
time/huambo.html	/	/index.html|/tmp/opencode/worldtime|/tmp/opencode/worldtime/.html
time/hurghada.html	/	/index.html|/tmp/opencode/worldtime|/tmp/opencode/worldtime/.html
time/hyderabad.html	/	/index.html|/tmp/opencode/worldtime|/tmp/opencode/worldtime/.html
time/ia-i.html	/	/index.html|/tmp/opencode/worldtime|/tmp/opencode/worldtime/.html
time/ibadan.html	/	/index.html|/tmp/opencode/worldtime|/tmp/opencode/worldtime/.html
time/ibiza.html	/	/index.html|/tmp/opencode/worldtime|/tmp/opencode/worldtime/.html
time/ica.html	/	/index.html|/tmp/opencode/worldtime|/tmp/opencode/worldtime/.html
time/incheon.html	/	/index.html|/tmp/opencode/worldtime|/tmp/opencode/worldtime/.html
time/indianapolis.html	/	/index.html|/tmp/opencode/worldtime|/tmp/opencode/worldtime/.html
time/indore.html	/	/index.html|/tmp/opencode/worldtime|/tmp/opencode/worldtime/.html
time/innsbruck.html	/	/index.html|/tmp/opencode/worldtime|/tmp/opencode/worldtime/.html
time/invercargill.html	/	/index.html|/tmp/opencode/worldtime|/tmp/opencode/worldtime/.html
time/iquique.html	/	/index.html|/tmp/opencode/worldtime|/tmp/opencode/worldtime/.html
time/irkutsk.html	/	/index.html|/tmp/opencode/worldtime|/tmp/opencode/worldtime/.html
time/isfahan.html	/	/index.html|/tmp/opencode/worldtime|/tmp/opencode/worldtime/.html
time/islamabad.html	/	/index.html|/tmp/opencode/worldtime|/tmp/opencode/worldtime/.html
time/istanbul.html	/	/index.html|/tmp/opencode/worldtime|/tmp/opencode/worldtime/.html
time/ivano-frankivsk.html	/	/index.html|/tmp/opencode/worldtime|/tmp/opencode/worldtime/.html
time/izmir.html	/	/index.html|/tmp/opencode/worldtime|/tmp/opencode/worldtime/.html
time/jacksonville.html	/	/index.html|/tmp/opencode/worldtime|/tmp/opencode/worldtime/.html
time/jaipur.html	/	/index.html|/tmp/opencode/worldtime|/tmp/opencode/worldtime/.html
time/jakarta.html	/	/index.html|/tmp/opencode/worldtime|/tmp/opencode/worldtime/.html
time/jayapura.html	/	/index.html|/tmp/opencode/worldtime|/tmp/opencode/worldtime/.html
time/jeddah.html	/	/index.html|/tmp/opencode/worldtime|/tmp/opencode/worldtime/.html
time/jeju-city.html	/	/index.html|/tmp/opencode/worldtime|/tmp/opencode/worldtime/.html
time/jinan.html	/	/index.html|/tmp/opencode/worldtime|/tmp/opencode/worldtime/.html
time/jo-o-pessoa.html	/	/index.html|/tmp/opencode/worldtime|/tmp/opencode/worldtime/.html
time/johannesburg.html	/	/index.html|/tmp/opencode/worldtime|/tmp/opencode/worldtime/.html
time/johor-bahru.html	/	/index.html|/tmp/opencode/worldtime|/tmp/opencode/worldtime/.html
time/juba.html	/	/index.html|/tmp/opencode/worldtime|/tmp/opencode/worldtime/.html
time/kaliningrad.html	/	/index.html|/tmp/opencode/worldtime|/tmp/opencode/worldtime/.html
time/kampala.html	/	/index.html|/tmp/opencode/worldtime|/tmp/opencode/worldtime/.html
time/kananga.html	/	/index.html|/tmp/opencode/worldtime|/tmp/opencode/worldtime/.html
time/kandy.html	/	/index.html|/tmp/opencode/worldtime|/tmp/opencode/worldtime/.html
time/kano.html	/	/index.html|/tmp/opencode/worldtime|/tmp/opencode/worldtime/.html
time/kanpur.html	/	/index.html|/tmp/opencode/worldtime|/tmp/opencode/worldtime/.html
time/kansas-city.html	/	/index.html|/tmp/opencode/worldtime|/tmp/opencode/worldtime/.html
time/kaohsiung.html	/	/index.html|/tmp/opencode/worldtime|/tmp/opencode/worldtime/.html
time/karachi.html	/	/index.html|/tmp/opencode/worldtime|/tmp/opencode/worldtime/.html
time/karaganda.html	/	/index.html|/tmp/opencode/worldtime|/tmp/opencode/worldtime/.html
time/katowice.html	/	/index.html|/tmp/opencode/worldtime|/tmp/opencode/worldtime/.html
time/kaunas.html	/	/index.html|/tmp/opencode/worldtime|/tmp/opencode/worldtime/.html
time/kawasaki.html	/	/index.html|/tmp/opencode/worldtime|/tmp/opencode/worldtime/.html
time/kazan.html	/	/index.html|/tmp/opencode/worldtime|/tmp/opencode/worldtime/.html
time/kelowna.html	/	/index.html|/tmp/opencode/worldtime|/tmp/opencode/worldtime/.html
time/kharkiv.html	/	/index.html|/tmp/opencode/worldtime|/tmp/opencode/worldtime/.html
time/khartoum.html	/	/index.html|/tmp/opencode/worldtime|/tmp/opencode/worldtime/.html
time/kherson.html	/	/index.html|/tmp/opencode/worldtime|/tmp/opencode/worldtime/.html
time/khulna.html	/	/index.html|/tmp/opencode/worldtime|/tmp/opencode/worldtime/.html
time/kigali.html	/	/index.html|/tmp/opencode/worldtime|/tmp/opencode/worldtime/.html
time/kimberley.html	/	/index.html|/tmp/opencode/worldtime|/tmp/opencode/worldtime/.html
time/kingston.html	/	/index.html|/tmp/opencode/worldtime|/tmp/opencode/worldtime/.html
time/kinshasa.html	/	/index.html|/tmp/opencode/worldtime|/tmp/opencode/worldtime/.html
time/kiritimati.html	/	/index.html|/tmp/opencode/worldtime|/tmp/opencode/worldtime/.html
time/kisangani.html	/	/index.html|/tmp/opencode/worldtime|/tmp/opencode/worldtime/.html
time/kitakyushu.html	/	/index.html|/tmp/opencode/worldtime|/tmp/opencode/worldtime/.html
time/kitwe.html	/	/index.html|/tmp/opencode/worldtime|/tmp/opencode/worldtime/.html
time/ko-ice.html	/	/index.html|/tmp/opencode/worldtime|/tmp/opencode/worldtime/.html
time/kobe.html	/	/index.html|/tmp/opencode/worldtime|/tmp/opencode/worldtime/.html
time/kochi.html	/	/index.html|/tmp/opencode/worldtime|/tmp/opencode/worldtime/.html
time/kolkata.html	/	/index.html|/tmp/opencode/worldtime|/tmp/opencode/worldtime/.html
time/kota-kinabalu.html	/	/index.html|/tmp/opencode/worldtime|/tmp/opencode/worldtime/.html
time/krak-w.html	/	/index.html|/tmp/opencode/worldtime|/tmp/opencode/worldtime/.html
time/krasnoyarsk.html	/	/index.html|/tmp/opencode/worldtime|/tmp/opencode/worldtime/.html
time/kropyvnytskyi.html	/	/index.html|/tmp/opencode/worldtime|/tmp/opencode/worldtime/.html
time/kryvyi-rih.html	/	/index.html|/tmp/opencode/worldtime|/tmp/opencode/worldtime/.html
time/kuala-lumpur.html	/	/index.html|/tmp/opencode/worldtime|/tmp/opencode/worldtime/.html
time/kuching.html	/	/index.html|/tmp/opencode/worldtime|/tmp/opencode/worldtime/.html
time/kumasi.html	/	/index.html|/tmp/opencode/worldtime|/tmp/opencode/worldtime/.html
time/kunming.html	/	/index.html|/tmp/opencode/worldtime|/tmp/opencode/worldtime/.html
time/kutaisi.html	/	/index.html|/tmp/opencode/worldtime|/tmp/opencode/worldtime/.html
time/kuwait-city.html	/	/index.html|/tmp/opencode/worldtime|/tmp/opencode/worldtime/.html
time/kyiv.html	/	/index.html|/tmp/opencode/worldtime|/tmp/opencode/worldtime/.html
time/kyoto.html	/	/index.html|/tmp/opencode/worldtime|/tmp/opencode/worldtime/.html
time/la-paz.html	/	/index.html|/tmp/opencode/worldtime|/tmp/opencode/worldtime/.html
time/lae.html	/	/index.html|/tmp/opencode/worldtime|/tmp/opencode/worldtime/.html
time/lagos.html	/	/index.html|/tmp/opencode/worldtime|/tmp/opencode/worldtime/.html
time/lahore.html	/	/index.html|/tmp/opencode/worldtime|/tmp/opencode/worldtime/.html
time/las-palmas.html	/	/index.html|/tmp/opencode/worldtime|/tmp/opencode/worldtime/.html
time/las-vegas.html	/	/index.html|/tmp/opencode/worldtime|/tmp/opencode/worldtime/.html
time/lausanne.html	/	/index.html|/tmp/opencode/worldtime|/tmp/opencode/worldtime/.html
time/leeds.html	/	/index.html|/tmp/opencode/worldtime|/tmp/opencode/worldtime/.html
time/leicester.html	/	/index.html|/tmp/opencode/worldtime|/tmp/opencode/worldtime/.html
time/leipzig.html	/	/index.html|/tmp/opencode/worldtime|/tmp/opencode/worldtime/.html
time/lhasa.html	/	/index.html|/tmp/opencode/worldtime|/tmp/opencode/worldtime/.html
time/li-ge.html	/	/index.html|/tmp/opencode/worldtime|/tmp/opencode/worldtime/.html
time/libreville.html	/	/index.html|/tmp/opencode/worldtime|/tmp/opencode/worldtime/.html
time/lille.html	/	/index.html|/tmp/opencode/worldtime|/tmp/opencode/worldtime/.html
time/lilongwe.html	/	/index.html|/tmp/opencode/worldtime|/tmp/opencode/worldtime/.html
time/lima.html	/	/index.html|/tmp/opencode/worldtime|/tmp/opencode/worldtime/.html
time/limassol.html	/	/index.html|/tmp/opencode/worldtime|/tmp/opencode/worldtime/.html
time/linz.html	/	/index.html|/tmp/opencode/worldtime|/tmp/opencode/worldtime/.html
time/lisbon.html	/	/index.html|/tmp/opencode/worldtime|/tmp/opencode/worldtime/.html
time/liverpool.html	/	/index.html|/tmp/opencode/worldtime|/tmp/opencode/worldtime/.html
time/ljubljana.html	/	/index.html|/tmp/opencode/worldtime|/tmp/opencode/worldtime/.html
time/lom.html	/	/index.html|/tmp/opencode/worldtime|/tmp/opencode/worldtime/.html
time/london.html	/	/index.html|/tmp/opencode/worldtime|/tmp/opencode/worldtime/.html
time/los-angeles.html	/	/index.html|/tmp/opencode/worldtime|/tmp/opencode/worldtime/.html
time/louisville.html	/	/index.html|/tmp/opencode/worldtime|/tmp/opencode/worldtime/.html
time/luanda.html	/	/index.html|/tmp/opencode/worldtime|/tmp/opencode/worldtime/.html
time/luang-prabang.html	/	/index.html|/tmp/opencode/worldtime|/tmp/opencode/worldtime/.html
time/lubumbashi.html	/	/index.html|/tmp/opencode/worldtime|/tmp/opencode/worldtime/.html
time/lucerne.html	/	/index.html|/tmp/opencode/worldtime|/tmp/opencode/worldtime/.html
time/lucknow.html	/	/index.html|/tmp/opencode/worldtime|/tmp/opencode/worldtime/.html
time/ludhiana.html	/	/index.html|/tmp/opencode/worldtime|/tmp/opencode/worldtime/.html
time/luhansk.html	/	/index.html|/tmp/opencode/worldtime|/tmp/opencode/worldtime/.html
time/lusaka.html	/	/index.html|/tmp/opencode/worldtime|/tmp/opencode/worldtime/.html
time/lutsk.html	/	/index.html|/tmp/opencode/worldtime|/tmp/opencode/worldtime/.html
time/luxor.html	/	/index.html|/tmp/opencode/worldtime|/tmp/opencode/worldtime/.html
time/lviv.html	/	/index.html|/tmp/opencode/worldtime|/tmp/opencode/worldtime/.html
time/lyon.html	/	/index.html|/tmp/opencode/worldtime|/tmp/opencode/worldtime/.html
time/m-laga.html	/	/index.html|/tmp/opencode/worldtime|/tmp/opencode/worldtime/.html
time/m-rida.html	/	/index.html|/tmp/opencode/worldtime|/tmp/opencode/worldtime/.html
time/macap.html	/	/index.html|/tmp/opencode/worldtime|/tmp/opencode/worldtime/.html
time/macau.html	/	/index.html|/tmp/opencode/worldtime|/tmp/opencode/worldtime/.html
time/macei.html	/	/index.html|/tmp/opencode/worldtime|/tmp/opencode/worldtime/.html
time/madrid.html	/	/index.html|/tmp/opencode/worldtime|/tmp/opencode/worldtime/.html
time/madurai.html	/	/index.html|/tmp/opencode/worldtime|/tmp/opencode/worldtime/.html
time/magadan.html	/	/index.html|/tmp/opencode/worldtime|/tmp/opencode/worldtime/.html
time/majuro.html	/	/index.html|/tmp/opencode/worldtime|/tmp/opencode/worldtime/.html
time/makassar.html	/	/index.html|/tmp/opencode/worldtime|/tmp/opencode/worldtime/.html
time/mal.html	/	/index.html|/tmp/opencode/worldtime|/tmp/opencode/worldtime/.html
time/malabo.html	/	/index.html|/tmp/opencode/worldtime|/tmp/opencode/worldtime/.html
time/malm.html	/	/index.html|/tmp/opencode/worldtime|/tmp/opencode/worldtime/.html
time/mamoudzou.html	/	/index.html|/tmp/opencode/worldtime|/tmp/opencode/worldtime/.html
time/manado.html	/	/index.html|/tmp/opencode/worldtime|/tmp/opencode/worldtime/.html
time/managua.html	/	/index.html|/tmp/opencode/worldtime|/tmp/opencode/worldtime/.html
time/manama.html	/	/index.html|/tmp/opencode/worldtime|/tmp/opencode/worldtime/.html
time/manaus.html	/	/index.html|/tmp/opencode/worldtime|/tmp/opencode/worldtime/.html
time/manchester.html	/	/index.html|/tmp/opencode/worldtime|/tmp/opencode/worldtime/.html
time/mandalay.html	/	/index.html|/tmp/opencode/worldtime|/tmp/opencode/worldtime/.html
time/manila.html	/	/index.html|/tmp/opencode/worldtime|/tmp/opencode/worldtime/.html
time/manizales.html	/	/index.html|/tmp/opencode/worldtime|/tmp/opencode/worldtime/.html
time/maputo.html	/	/index.html|/tmp/opencode/worldtime|/tmp/opencode/worldtime/.html
time/mar-del-plata.html	/	/index.html|/tmp/opencode/worldtime|/tmp/opencode/worldtime/.html
time/maracaibo.html	/	/index.html|/tmp/opencode/worldtime|/tmp/opencode/worldtime/.html
time/mariupol.html	/	/index.html|/tmp/opencode/worldtime|/tmp/opencode/worldtime/.html
time/marrakesh.html	/	/index.html|/tmp/opencode/worldtime|/tmp/opencode/worldtime/.html
time/maseru.html	/	/index.html|/tmp/opencode/worldtime|/tmp/opencode/worldtime/.html
time/mashhad.html	/	/index.html|/tmp/opencode/worldtime|/tmp/opencode/worldtime/.html
time/mata-utu.html	/	/index.html|/tmp/opencode/worldtime|/tmp/opencode/worldtime/.html
time/matur-n.html	/	/index.html|/tmp/opencode/worldtime|/tmp/opencode/worldtime/.html
time/mazatl-n.html	/	/index.html|/tmp/opencode/worldtime|/tmp/opencode/worldtime/.html
time/mbabane.html	/	/index.html|/tmp/opencode/worldtime|/tmp/opencode/worldtime/.html
time/mecca.html	/	/index.html|/tmp/opencode/worldtime|/tmp/opencode/worldtime/.html
time/medan.html	/	/index.html|/tmp/opencode/worldtime|/tmp/opencode/worldtime/.html
time/medell-n.html	/	/index.html|/tmp/opencode/worldtime|/tmp/opencode/worldtime/.html
time/medina.html	/	/index.html|/tmp/opencode/worldtime|/tmp/opencode/worldtime/.html
time/melbourne.html	/	/index.html|/tmp/opencode/worldtime|/tmp/opencode/worldtime/.html
time/memphis.html	/	/index.html|/tmp/opencode/worldtime|/tmp/opencode/worldtime/.html
time/mendoza.html	/	/index.html|/tmp/opencode/worldtime|/tmp/opencode/worldtime/.html
time/mesa.html	/	/index.html|/tmp/opencode/worldtime|/tmp/opencode/worldtime/.html
time/mexico-city.html	/	/index.html|/tmp/opencode/worldtime|/tmp/opencode/worldtime/.html
time/miami.html	/	/index.html|/tmp/opencode/worldtime|/tmp/opencode/worldtime/.html
time/milwaukee.html	/	/index.html|/tmp/opencode/worldtime|/tmp/opencode/worldtime/.html
time/minneapolis.html	/	/index.html|/tmp/opencode/worldtime|/tmp/opencode/worldtime/.html
time/mogadishu.html	/	/index.html|/tmp/opencode/worldtime|/tmp/opencode/worldtime/.html
time/mombasa.html	/	/index.html|/tmp/opencode/worldtime|/tmp/opencode/worldtime/.html
time/monrovia.html	/	/index.html|/tmp/opencode/worldtime|/tmp/opencode/worldtime/.html
time/monterrey.html	/	/index.html|/tmp/opencode/worldtime|/tmp/opencode/worldtime/.html
time/montevideo.html	/	/index.html|/tmp/opencode/worldtime|/tmp/opencode/worldtime/.html
time/montpellier.html	/	/index.html|/tmp/opencode/worldtime|/tmp/opencode/worldtime/.html
time/montreal.html	/	/index.html|/tmp/opencode/worldtime|/tmp/opencode/worldtime/.html
time/moroni.html	/	/index.html|/tmp/opencode/worldtime|/tmp/opencode/worldtime/.html
time/moscow.html	/	/index.html|/tmp/opencode/worldtime|/tmp/opencode/worldtime/.html
time/mosul.html	/	/index.html|/tmp/opencode/worldtime|/tmp/opencode/worldtime/.html
time/multan.html	/	/index.html|/tmp/opencode/worldtime|/tmp/opencode/worldtime/.html
time/mumbai.html	/	/index.html|/tmp/opencode/worldtime|/tmp/opencode/worldtime/.html
time/munich.html	/	/index.html|/tmp/opencode/worldtime|/tmp/opencode/worldtime/.html
time/murcia.html	/	/index.html|/tmp/opencode/worldtime|/tmp/opencode/worldtime/.html
time/murmansk.html	/	/index.html|/tmp/opencode/worldtime|/tmp/opencode/worldtime/.html
time/muscat.html	/	/index.html|/tmp/opencode/worldtime|/tmp/opencode/worldtime/.html
time/mykolaiv.html	/	/index.html|/tmp/opencode/worldtime|/tmp/opencode/worldtime/.html
time/mysore.html	/	/index.html|/tmp/opencode/worldtime|/tmp/opencode/worldtime/.html
time/n-djamena.html	/	/index.html|/tmp/opencode/worldtime|/tmp/opencode/worldtime/.html
time/nadi.html	/	/index.html|/tmp/opencode/worldtime|/tmp/opencode/worldtime/.html
time/nagoya.html	/	/index.html|/tmp/opencode/worldtime|/tmp/opencode/worldtime/.html
time/nagpur.html	/	/index.html|/tmp/opencode/worldtime|/tmp/opencode/worldtime/.html
time/naha.html	/	/index.html|/tmp/opencode/worldtime|/tmp/opencode/worldtime/.html
time/nairobi.html	/	/index.html|/tmp/opencode/worldtime|/tmp/opencode/worldtime/.html
time/nampula.html	/	/index.html|/tmp/opencode/worldtime|/tmp/opencode/worldtime/.html
time/nantes.html	/	/index.html|/tmp/opencode/worldtime|/tmp/opencode/worldtime/.html
time/naples.html	/	/index.html|/tmp/opencode/worldtime|/tmp/opencode/worldtime/.html
time/nashville.html	/	/index.html|/tmp/opencode/worldtime|/tmp/opencode/worldtime/.html
time/nassau.html	/	/index.html|/tmp/opencode/worldtime|/tmp/opencode/worldtime/.html
time/natal.html	/	/index.html|/tmp/opencode/worldtime|/tmp/opencode/worldtime/.html
time/ndola.html	/	/index.html|/tmp/opencode/worldtime|/tmp/opencode/worldtime/.html
time/nelson.html	/	/index.html|/tmp/opencode/worldtime|/tmp/opencode/worldtime/.html
time/new-delhi.html	/	/index.html|/tmp/opencode/worldtime|/tmp/opencode/worldtime/.html
time/new-orleans.html	/	/index.html|/tmp/opencode/worldtime|/tmp/opencode/worldtime/.html
time/new-york.html	/	/index.html|/tmp/opencode/worldtime|/tmp/opencode/worldtime/.html
time/new-york.html	/time/	/tmp/opencode/worldtime/time/index.html|/tmp/opencode/worldtime/time|/tmp/opencode/worldtime/time/.html
time/newcastle.html	/	/index.html|/tmp/opencode/worldtime|/tmp/opencode/worldtime/.html
time/ngerulmud.html	/	/index.html|/tmp/opencode/worldtime|/tmp/opencode/worldtime/.html
time/nha-trang.html	/	/index.html|/tmp/opencode/worldtime|/tmp/opencode/worldtime/.html
time/niamey.html	/	/index.html|/tmp/opencode/worldtime|/tmp/opencode/worldtime/.html
time/nice.html	/	/index.html|/tmp/opencode/worldtime|/tmp/opencode/worldtime/.html
time/nicosia.html	/	/index.html|/tmp/opencode/worldtime|/tmp/opencode/worldtime/.html
time/nizhny-novgorod.html	/	/index.html|/tmp/opencode/worldtime|/tmp/opencode/worldtime/.html
time/nottingham.html	/	/index.html|/tmp/opencode/worldtime|/tmp/opencode/worldtime/.html
time/noum-a.html	/	/index.html|/tmp/opencode/worldtime|/tmp/opencode/worldtime/.html
time/novi-sad.html	/	/index.html|/tmp/opencode/worldtime|/tmp/opencode/worldtime/.html
time/novosibirsk.html	/	/index.html|/tmp/opencode/worldtime|/tmp/opencode/worldtime/.html
time/nuku-alofa.html	/	/index.html|/tmp/opencode/worldtime|/tmp/opencode/worldtime/.html
time/nuremberg.html	/	/index.html|/tmp/opencode/worldtime|/tmp/opencode/worldtime/.html
time/nuuk.html	/	/index.html|/tmp/opencode/worldtime|/tmp/opencode/worldtime/.html
time/oakland.html	/	/index.html|/tmp/opencode/worldtime|/tmp/opencode/worldtime/.html
time/odesa.html	/	/index.html|/tmp/opencode/worldtime|/tmp/opencode/worldtime/.html
time/oklahoma-city.html	/	/index.html|/tmp/opencode/worldtime|/tmp/opencode/worldtime/.html
time/omsk.html	/	/index.html|/tmp/opencode/worldtime|/tmp/opencode/worldtime/.html
time/oral.html	/	/index.html|/tmp/opencode/worldtime|/tmp/opencode/worldtime/.html
time/oran.html	/	/index.html|/tmp/opencode/worldtime|/tmp/opencode/worldtime/.html
time/orlando.html	/	/index.html|/tmp/opencode/worldtime|/tmp/opencode/worldtime/.html
time/osaka.html	/	/index.html|/tmp/opencode/worldtime|/tmp/opencode/worldtime/.html
time/osh.html	/	/index.html|/tmp/opencode/worldtime|/tmp/opencode/worldtime/.html
time/oslo.html	/	/index.html|/tmp/opencode/worldtime|/tmp/opencode/worldtime/.html
time/ostrava.html	/	/index.html|/tmp/opencode/worldtime|/tmp/opencode/worldtime/.html
time/ottawa.html	/	/index.html|/tmp/opencode/worldtime|/tmp/opencode/worldtime/.html
time/ouagadougou.html	/	/index.html|/tmp/opencode/worldtime|/tmp/opencode/worldtime/.html
time/oxford.html	/	/index.html|/tmp/opencode/worldtime|/tmp/opencode/worldtime/.html
time/pago-pago.html	/	/index.html|/tmp/opencode/worldtime|/tmp/opencode/worldtime/.html
time/palermo.html	/	/index.html|/tmp/opencode/worldtime|/tmp/opencode/worldtime/.html
time/panaji.html	/	/index.html|/tmp/opencode/worldtime|/tmp/opencode/worldtime/.html
time/panama-city.html	/	/index.html|/tmp/opencode/worldtime|/tmp/opencode/worldtime/.html
time/papeete.html	/	/index.html|/tmp/opencode/worldtime|/tmp/opencode/worldtime/.html
time/paramaribo.html	/	/index.html|/tmp/opencode/worldtime|/tmp/opencode/worldtime/.html
time/paris.html	/	/index.html|/tmp/opencode/worldtime|/tmp/opencode/worldtime/.html
time/patna.html	/	/index.html|/tmp/opencode/worldtime|/tmp/opencode/worldtime/.html
time/pattaya.html	/	/index.html|/tmp/opencode/worldtime|/tmp/opencode/worldtime/.html
time/pereira.html	/	/index.html|/tmp/opencode/worldtime|/tmp/opencode/worldtime/.html
time/perth.html	/	/index.html|/tmp/opencode/worldtime|/tmp/opencode/worldtime/.html
time/peshawar.html	/	/index.html|/tmp/opencode/worldtime|/tmp/opencode/worldtime/.html
time/petropavlovsk-kamchatsky.html	/	/index.html|/tmp/opencode/worldtime|/tmp/opencode/worldtime/.html
time/philadelphia.html	/	/index.html|/tmp/opencode/worldtime|/tmp/opencode/worldtime/.html
time/phnom-penh.html	/	/index.html|/tmp/opencode/worldtime|/tmp/opencode/worldtime/.html
time/phoenix.html	/	/index.html|/tmp/opencode/worldtime|/tmp/opencode/worldtime/.html
time/phuket.html	/	/index.html|/tmp/opencode/worldtime|/tmp/opencode/worldtime/.html
time/pittsburgh.html	/	/index.html|/tmp/opencode/worldtime|/tmp/opencode/worldtime/.html
time/piura.html	/	/index.html|/tmp/opencode/worldtime|/tmp/opencode/worldtime/.html
time/plovdiv.html	/	/index.html|/tmp/opencode/worldtime|/tmp/opencode/worldtime/.html
time/podgorica.html	/	/index.html|/tmp/opencode/worldtime|/tmp/opencode/worldtime/.html
time/pokhara.html	/	/index.html|/tmp/opencode/worldtime|/tmp/opencode/worldtime/.html
time/poltava.html	/	/index.html|/tmp/opencode/worldtime|/tmp/opencode/worldtime/.html
time/ponta-delgada.html	/	/index.html|/tmp/opencode/worldtime|/tmp/opencode/worldtime/.html
time/port-elizabeth.html	/	/index.html|/tmp/opencode/worldtime|/tmp/opencode/worldtime/.html
time/port-gentil.html	/	/index.html|/tmp/opencode/worldtime|/tmp/opencode/worldtime/.html
time/port-louis.html	/	/index.html|/tmp/opencode/worldtime|/tmp/opencode/worldtime/.html
time/port-moresby.html	/	/index.html|/tmp/opencode/worldtime|/tmp/opencode/worldtime/.html
time/port-of-spain.html	/	/index.html|/tmp/opencode/worldtime|/tmp/opencode/worldtime/.html
time/port-vila.html	/	/index.html|/tmp/opencode/worldtime|/tmp/opencode/worldtime/.html
time/portland.html	/	/index.html|/tmp/opencode/worldtime|/tmp/opencode/worldtime/.html
time/porto-alegre.html	/	/index.html|/tmp/opencode/worldtime|/tmp/opencode/worldtime/.html
time/porto-novo.html	/	/index.html|/tmp/opencode/worldtime|/tmp/opencode/worldtime/.html
time/porto.html	/	/index.html|/tmp/opencode/worldtime|/tmp/opencode/worldtime/.html
time/potos.html	/	/index.html|/tmp/opencode/worldtime|/tmp/opencode/worldtime/.html
time/pozna.html	/	/index.html|/tmp/opencode/worldtime|/tmp/opencode/worldtime/.html
time/prague.html	/	/index.html|/tmp/opencode/worldtime|/tmp/opencode/worldtime/.html
time/praia.html	/	/index.html|/tmp/opencode/worldtime|/tmp/opencode/worldtime/.html
time/pretoria.html	/	/index.html|/tmp/opencode/worldtime|/tmp/opencode/worldtime/.html
time/puebla.html	/	/index.html|/tmp/opencode/worldtime|/tmp/opencode/worldtime/.html
time/puerto-baquerizo-moreno.html	/	/index.html|/tmp/opencode/worldtime|/tmp/opencode/worldtime/.html
time/pune.html	/	/index.html|/tmp/opencode/worldtime|/tmp/opencode/worldtime/.html
time/punta-arenas.html	/	/index.html|/tmp/opencode/worldtime|/tmp/opencode/worldtime/.html
time/punta-del-este.html	/	/index.html|/tmp/opencode/worldtime|/tmp/opencode/worldtime/.html
time/qingdao.html	/	/index.html|/tmp/opencode/worldtime|/tmp/opencode/worldtime/.html
time/quebec-city.html	/	/index.html|/tmp/opencode/worldtime|/tmp/opencode/worldtime/.html
time/queenstown.html	/	/index.html|/tmp/opencode/worldtime|/tmp/opencode/worldtime/.html
time/quetta.html	/	/index.html|/tmp/opencode/worldtime|/tmp/opencode/worldtime/.html
time/quito.html	/	/index.html|/tmp/opencode/worldtime|/tmp/opencode/worldtime/.html
time/rabat.html	/	/index.html|/tmp/opencode/worldtime|/tmp/opencode/worldtime/.html
time/raleigh.html	/	/index.html|/tmp/opencode/worldtime|/tmp/opencode/worldtime/.html
time/rawalpindi.html	/	/index.html|/tmp/opencode/worldtime|/tmp/opencode/worldtime/.html
time/recife.html	/	/index.html|/tmp/opencode/worldtime|/tmp/opencode/worldtime/.html
time/regina.html	/	/index.html|/tmp/opencode/worldtime|/tmp/opencode/worldtime/.html
time/reims.html	/	/index.html|/tmp/opencode/worldtime|/tmp/opencode/worldtime/.html
time/rennes.html	/	/index.html|/tmp/opencode/worldtime|/tmp/opencode/worldtime/.html
time/reykjav-k.html	/	/index.html|/tmp/opencode/worldtime|/tmp/opencode/worldtime/.html
time/richmond.html	/	/index.html|/tmp/opencode/worldtime|/tmp/opencode/worldtime/.html
time/riga.html	/	/index.html|/tmp/opencode/worldtime|/tmp/opencode/worldtime/.html
time/rio-branco.html	/	/index.html|/tmp/opencode/worldtime|/tmp/opencode/worldtime/.html
time/rio-de-janeiro.html	/	/index.html|/tmp/opencode/worldtime|/tmp/opencode/worldtime/.html
time/rivne.html	/	/index.html|/tmp/opencode/worldtime|/tmp/opencode/worldtime/.html
time/riyadh.html	/	/index.html|/tmp/opencode/worldtime|/tmp/opencode/worldtime/.html
time/rome.html	/	/index.html|/tmp/opencode/worldtime|/tmp/opencode/worldtime/.html
time/rosario.html	/	/index.html|/tmp/opencode/worldtime|/tmp/opencode/worldtime/.html
time/rotterdam.html	/	/index.html|/tmp/opencode/worldtime|/tmp/opencode/worldtime/.html
time/rovaniemi.html	/	/index.html|/tmp/opencode/worldtime|/tmp/opencode/worldtime/.html
time/s-o-lu-s.html	/	/index.html|/tmp/opencode/worldtime|/tmp/opencode/worldtime/.html
time/s-o-paulo.html	/	/index.html|/tmp/opencode/worldtime|/tmp/opencode/worldtime/.html
time/s-o-tom.html	/	/index.html|/tmp/opencode/worldtime|/tmp/opencode/worldtime/.html
time/sacramento.html	/	/index.html|/tmp/opencode/worldtime|/tmp/opencode/worldtime/.html
time/saipan.html	/	/index.html|/tmp/opencode/worldtime|/tmp/opencode/worldtime/.html
time/salt-lake-city.html	/	/index.html|/tmp/opencode/worldtime|/tmp/opencode/worldtime/.html
time/salta.html	/	/index.html|/tmp/opencode/worldtime|/tmp/opencode/worldtime/.html
time/salto.html	/	/index.html|/tmp/opencode/worldtime|/tmp/opencode/worldtime/.html
time/salzburg.html	/	/index.html|/tmp/opencode/worldtime|/tmp/opencode/worldtime/.html
time/samara.html	/	/index.html|/tmp/opencode/worldtime|/tmp/opencode/worldtime/.html
time/samarkand.html	/	/index.html|/tmp/opencode/worldtime|/tmp/opencode/worldtime/.html
time/san-antonio.html	/	/index.html|/tmp/opencode/worldtime|/tmp/opencode/worldtime/.html
time/san-carlos-de-bariloche.html	/	/index.html|/tmp/opencode/worldtime|/tmp/opencode/worldtime/.html
time/san-diego.html	/	/index.html|/tmp/opencode/worldtime|/tmp/opencode/worldtime/.html
time/san-francisco.html	/	/index.html|/tmp/opencode/worldtime|/tmp/opencode/worldtime/.html
time/san-jos.html	/	/index.html|/tmp/opencode/worldtime|/tmp/opencode/worldtime/.html
time/san-jose.html	/	/index.html|/tmp/opencode/worldtime|/tmp/opencode/worldtime/.html
time/san-salvador.html	/	/index.html|/tmp/opencode/worldtime|/tmp/opencode/worldtime/.html
time/santa-cruz-de-la-sierra.html	/	/index.html|/tmp/opencode/worldtime|/tmp/opencode/worldtime/.html
time/santa-cruz-de-tenerife.html	/	/index.html|/tmp/opencode/worldtime|/tmp/opencode/worldtime/.html
time/santiago-de-cuba.html	/	/index.html|/tmp/opencode/worldtime|/tmp/opencode/worldtime/.html
time/santiago.html	/	/index.html|/tmp/opencode/worldtime|/tmp/opencode/worldtime/.html
time/sapporo.html	/	/index.html|/tmp/opencode/worldtime|/tmp/opencode/worldtime/.html
time/sarajevo.html	/	/index.html|/tmp/opencode/worldtime|/tmp/opencode/worldtime/.html
time/saskatoon.html	/	/index.html|/tmp/opencode/worldtime|/tmp/opencode/worldtime/.html
time/seattle.html	/	/index.html|/tmp/opencode/worldtime|/tmp/opencode/worldtime/.html
time/sendai.html	/	/index.html|/tmp/opencode/worldtime|/tmp/opencode/worldtime/.html
time/seoul.html	/	/index.html|/tmp/opencode/worldtime|/tmp/opencode/worldtime/.html
time/sevastopol.html	/	/index.html|/tmp/opencode/worldtime|/tmp/opencode/worldtime/.html
time/seville.html	/	/index.html|/tmp/opencode/worldtime|/tmp/opencode/worldtime/.html
time/sfax.html	/	/index.html|/tmp/opencode/worldtime|/tmp/opencode/worldtime/.html
time/shanghai.html	/	/index.html|/tmp/opencode/worldtime|/tmp/opencode/worldtime/.html
time/sharjah.html	/	/index.html|/tmp/opencode/worldtime|/tmp/opencode/worldtime/.html
time/sharm-el-sheikh.html	/	/index.html|/tmp/opencode/worldtime|/tmp/opencode/worldtime/.html
time/sheffield.html	/	/index.html|/tmp/opencode/worldtime|/tmp/opencode/worldtime/.html
time/shenyang.html	/	/index.html|/tmp/opencode/worldtime|/tmp/opencode/worldtime/.html
time/shenzhen.html	/	/index.html|/tmp/opencode/worldtime|/tmp/opencode/worldtime/.html
time/shiraz.html	/	/index.html|/tmp/opencode/worldtime|/tmp/opencode/worldtime/.html
time/shymkent.html	/	/index.html|/tmp/opencode/worldtime|/tmp/opencode/worldtime/.html
time/siem-reap.html	/	/index.html|/tmp/opencode/worldtime|/tmp/opencode/worldtime/.html
time/simferopol.html	/	/index.html|/tmp/opencode/worldtime|/tmp/opencode/worldtime/.html
time/singapore.html	/	/index.html|/tmp/opencode/worldtime|/tmp/opencode/worldtime/.html
time/skopje.html	/	/index.html|/tmp/opencode/worldtime|/tmp/opencode/worldtime/.html
time/sochi.html	/	/index.html|/tmp/opencode/worldtime|/tmp/opencode/worldtime/.html
time/sofia.html	/	/index.html|/tmp/opencode/worldtime|/tmp/opencode/worldtime/.html
time/sorocaba.html	/	/index.html|/tmp/opencode/worldtime|/tmp/opencode/worldtime/.html
time/sousse.html	/	/index.html|/tmp/opencode/worldtime|/tmp/opencode/worldtime/.html
time/split.html	/	/index.html|/tmp/opencode/worldtime|/tmp/opencode/worldtime/.html
time/st-john-s.html	/	/index.html|/tmp/opencode/worldtime|/tmp/opencode/worldtime/.html
time/st-louis.html	/	/index.html|/tmp/opencode/worldtime|/tmp/opencode/worldtime/.html
time/st-petersburg.html	/	/index.html|/tmp/opencode/worldtime|/tmp/opencode/worldtime/.html
time/stanley.html	/	/index.html|/tmp/opencode/worldtime|/tmp/opencode/worldtime/.html
time/stockholm.html	/	/index.html|/tmp/opencode/worldtime|/tmp/opencode/worldtime/.html
time/strasbourg.html	/	/index.html|/tmp/opencode/worldtime|/tmp/opencode/worldtime/.html
time/stuttgart.html	/	/index.html|/tmp/opencode/worldtime|/tmp/opencode/worldtime/.html
time/sucre.html	/	/index.html|/tmp/opencode/worldtime|/tmp/opencode/worldtime/.html
time/sumy.html	/	/index.html|/tmp/opencode/worldtime|/tmp/opencode/worldtime/.html
time/surabaya.html	/	/index.html|/tmp/opencode/worldtime|/tmp/opencode/worldtime/.html
time/surat.html	/	/index.html|/tmp/opencode/worldtime|/tmp/opencode/worldtime/.html
time/suva.html	/	/index.html|/tmp/opencode/worldtime|/tmp/opencode/worldtime/.html
time/suwon.html	/	/index.html|/tmp/opencode/worldtime|/tmp/opencode/worldtime/.html
time/suzhou.html	/	/index.html|/tmp/opencode/worldtime|/tmp/opencode/worldtime/.html
time/sydney.html	/	/index.html|/tmp/opencode/worldtime|/tmp/opencode/worldtime/.html
time/sylhet.html	/	/index.html|/tmp/opencode/worldtime|/tmp/opencode/worldtime/.html
time/szeged.html	/	/index.html|/tmp/opencode/worldtime|/tmp/opencode/worldtime/.html
time/t-rkmenabat.html	/	/index.html|/tmp/opencode/worldtime|/tmp/opencode/worldtime/.html
time/tabriz.html	/	/index.html|/tmp/opencode/worldtime|/tmp/opencode/worldtime/.html
time/taichung.html	/	/index.html|/tmp/opencode/worldtime|/tmp/opencode/worldtime/.html
time/taipei.html	/	/index.html|/tmp/opencode/worldtime|/tmp/opencode/worldtime/.html
time/tallinn.html	/	/index.html|/tmp/opencode/worldtime|/tmp/opencode/worldtime/.html
time/tampa.html	/	/index.html|/tmp/opencode/worldtime|/tmp/opencode/worldtime/.html
time/tampere.html	/	/index.html|/tmp/opencode/worldtime|/tmp/opencode/worldtime/.html
time/tangier.html	/	/index.html|/tmp/opencode/worldtime|/tmp/opencode/worldtime/.html
time/tarawa.html	/	/index.html|/tmp/opencode/worldtime|/tmp/opencode/worldtime/.html
time/tashkent.html	/	/index.html|/tmp/opencode/worldtime|/tmp/opencode/worldtime/.html
time/tauranga.html	/	/index.html|/tmp/opencode/worldtime|/tmp/opencode/worldtime/.html
time/tbilisi.html	/	/index.html|/tmp/opencode/worldtime|/tmp/opencode/worldtime/.html
time/tegucigalpa.html	/	/index.html|/tmp/opencode/worldtime|/tmp/opencode/worldtime/.html
time/tehran.html	/	/index.html|/tmp/opencode/worldtime|/tmp/opencode/worldtime/.html
time/teresina.html	/	/index.html|/tmp/opencode/worldtime|/tmp/opencode/worldtime/.html
time/ternopil.html	/	/index.html|/tmp/opencode/worldtime|/tmp/opencode/worldtime/.html
time/the-hague.html	/	/index.html|/tmp/opencode/worldtime|/tmp/opencode/worldtime/.html
time/thessaloniki.html	/	/index.html|/tmp/opencode/worldtime|/tmp/opencode/worldtime/.html
time/thimphu.html	/	/index.html|/tmp/opencode/worldtime|/tmp/opencode/worldtime/.html
time/thiruvananthapuram.html	/	/index.html|/tmp/opencode/worldtime|/tmp/opencode/worldtime/.html
time/tianjin.html	/	/index.html|/tmp/opencode/worldtime|/tmp/opencode/worldtime/.html
time/tijuana.html	/	/index.html|/tmp/opencode/worldtime|/tmp/opencode/worldtime/.html
time/timi-oara.html	/	/index.html|/tmp/opencode/worldtime|/tmp/opencode/worldtime/.html
time/tirana.html	/	/index.html|/tmp/opencode/worldtime|/tmp/opencode/worldtime/.html
time/tokyo.html	/	/index.html|/tmp/opencode/worldtime|/tmp/opencode/worldtime/.html
time/toronto.html	/	/index.html|/tmp/opencode/worldtime|/tmp/opencode/worldtime/.html
time/toulouse.html	/	/index.html|/tmp/opencode/worldtime|/tmp/opencode/worldtime/.html
time/townsville.html	/	/index.html|/tmp/opencode/worldtime|/tmp/opencode/worldtime/.html
time/tripoli.html	/	/index.html|/tmp/opencode/worldtime|/tmp/opencode/worldtime/.html
time/troms.html	/	/index.html|/tmp/opencode/worldtime|/tmp/opencode/worldtime/.html
time/trondheim.html	/	/index.html|/tmp/opencode/worldtime|/tmp/opencode/worldtime/.html
time/trujillo.html	/	/index.html|/tmp/opencode/worldtime|/tmp/opencode/worldtime/.html
time/tucson.html	/	/index.html|/tmp/opencode/worldtime|/tmp/opencode/worldtime/.html
time/tulsa.html	/	/index.html|/tmp/opencode/worldtime|/tmp/opencode/worldtime/.html
time/tunis.html	/	/index.html|/tmp/opencode/worldtime|/tmp/opencode/worldtime/.html
time/turin.html	/	/index.html|/tmp/opencode/worldtime|/tmp/opencode/worldtime/.html
time/turku.html	/	/index.html|/tmp/opencode/worldtime|/tmp/opencode/worldtime/.html
time/ulaanbaatar.html	/	/index.html|/tmp/opencode/worldtime|/tmp/opencode/worldtime/.html
time/ulsan.html	/	/index.html|/tmp/opencode/worldtime|/tmp/opencode/worldtime/.html
time/urumqi.html	/	/index.html|/tmp/opencode/worldtime|/tmp/opencode/worldtime/.html
time/ushuaia.html	/	/index.html|/tmp/opencode/worldtime|/tmp/opencode/worldtime/.html
time/utrecht.html	/	/index.html|/tmp/opencode/worldtime|/tmp/opencode/worldtime/.html
time/uzhhorod.html	/	/index.html|/tmp/opencode/worldtime|/tmp/opencode/worldtime/.html
time/valencia.html	/	/index.html|/tmp/opencode/worldtime|/tmp/opencode/worldtime/.html
time/valletta.html	/	/index.html|/tmp/opencode/worldtime|/tmp/opencode/worldtime/.html
time/valpara-so.html	/	/index.html|/tmp/opencode/worldtime|/tmp/opencode/worldtime/.html
time/vancouver.html	/	/index.html|/tmp/opencode/worldtime|/tmp/opencode/worldtime/.html
time/varanasi.html	/	/index.html|/tmp/opencode/worldtime|/tmp/opencode/worldtime/.html
time/varna.html	/	/index.html|/tmp/opencode/worldtime|/tmp/opencode/worldtime/.html
time/venice.html	/	/index.html|/tmp/opencode/worldtime|/tmp/opencode/worldtime/.html
time/veracruz.html	/	/index.html|/tmp/opencode/worldtime|/tmp/opencode/worldtime/.html
time/victoria.html	/	/index.html|/tmp/opencode/worldtime|/tmp/opencode/worldtime/.html
time/vienna.html	/	/index.html|/tmp/opencode/worldtime|/tmp/opencode/worldtime/.html
time/vientiane.html	/	/index.html|/tmp/opencode/worldtime|/tmp/opencode/worldtime/.html
time/vijayawada.html	/	/index.html|/tmp/opencode/worldtime|/tmp/opencode/worldtime/.html
time/vilnius.html	/	/index.html|/tmp/opencode/worldtime|/tmp/opencode/worldtime/.html
time/vinnytsia.html	/	/index.html|/tmp/opencode/worldtime|/tmp/opencode/worldtime/.html
time/visakhapatnam.html	/	/index.html|/tmp/opencode/worldtime|/tmp/opencode/worldtime/.html
time/vit-ria.html	/	/index.html|/tmp/opencode/worldtime|/tmp/opencode/worldtime/.html
time/vladivostok.html	/	/index.html|/tmp/opencode/worldtime|/tmp/opencode/worldtime/.html
time/waitangi.html	/	/index.html|/tmp/opencode/worldtime|/tmp/opencode/worldtime/.html
time/walvis-bay.html	/	/index.html|/tmp/opencode/worldtime|/tmp/opencode/worldtime/.html
time/warsaw.html	/	/index.html|/tmp/opencode/worldtime|/tmp/opencode/worldtime/.html
time/wellington.html	/	/index.html|/tmp/opencode/worldtime|/tmp/opencode/worldtime/.html
time/windhoek.html	/	/index.html|/tmp/opencode/worldtime|/tmp/opencode/worldtime/.html
time/winnipeg.html	/	/index.html|/tmp/opencode/worldtime|/tmp/opencode/worldtime/.html
time/wollongong.html	/	/index.html|/tmp/opencode/worldtime|/tmp/opencode/worldtime/.html
time/wroc-aw.html	/	/index.html|/tmp/opencode/worldtime|/tmp/opencode/worldtime/.html
time/wuhan.html	/	/index.html|/tmp/opencode/worldtime|/tmp/opencode/worldtime/.html
time/xi-an.html	/	/index.html|/tmp/opencode/worldtime|/tmp/opencode/worldtime/.html
time/xiamen.html	/	/index.html|/tmp/opencode/worldtime|/tmp/opencode/worldtime/.html
time/yakutsk.html	/	/index.html|/tmp/opencode/worldtime|/tmp/opencode/worldtime/.html
time/yangon.html	/	/index.html|/tmp/opencode/worldtime|/tmp/opencode/worldtime/.html
time/yaound.html	/	/index.html|/tmp/opencode/worldtime|/tmp/opencode/worldtime/.html
time/yaren.html	/	/index.html|/tmp/opencode/worldtime|/tmp/opencode/worldtime/.html
time/yekaterinburg.html	/	/index.html|/tmp/opencode/worldtime|/tmp/opencode/worldtime/.html
time/yerevan.html	/	/index.html|/tmp/opencode/worldtime|/tmp/opencode/worldtime/.html
time/yogyakarta.html	/	/index.html|/tmp/opencode/worldtime|/tmp/opencode/worldtime/.html
time/yokohama.html	/	/index.html|/tmp/opencode/worldtime|/tmp/opencode/worldtime/.html
time/york.html	/	/index.html|/tmp/opencode/worldtime|/tmp/opencode/worldtime/.html
time/zagreb.html	/	/index.html|/tmp/opencode/worldtime|/tmp/opencode/worldtime/.html
time/zanzibar-city.html	/	/index.html|/tmp/opencode/worldtime|/tmp/opencode/worldtime/.html
time/zaporizhzhia.html	/	/index.html|/tmp/opencode/worldtime|/tmp/opencode/worldtime/.html
time/zaragoza.html	/	/index.html|/tmp/opencode/worldtime|/tmp/opencode/worldtime/.html
time/zhengzhou.html	/	/index.html|/tmp/opencode/worldtime|/tmp/opencode/worldtime/.html
time/zurich.html	/	/index.html|/tmp/opencode/worldtime|/tmp/opencode/worldtime/.html
uk/about.html	/	/index.html|/tmp/opencode/worldtime|/tmp/opencode/worldtime/.html
uk/blog/index.html	/	/index.html|/tmp/opencode/worldtime|/tmp/opencode/worldtime/.html
uk/blog/index.html	/blog/de-best-meeting-times-remote-teams	/tmp/opencode/worldtime/blog/de-best-meeting-times-remote-teams/index.html|/tmp/opencode/worldtime/blog/de-best-meeting-times-remote-teams|/tmp/opencode/worldtime/blog/de-best-meeting-times-remote-teams.html
uk/blog/index.html	/blog/de-daylight-saving-2026-prep	/tmp/opencode/worldtime/blog/de-daylight-saving-2026-prep/index.html|/tmp/opencode/worldtime/blog/de-daylight-saving-2026-prep|/tmp/opencode/worldtime/blog/de-daylight-saving-2026-prep.html
uk/blog/index.html	/blog/de-schedule-online-classes-time-zones	/tmp/opencode/worldtime/blog/de-schedule-online-classes-time-zones/index.html|/tmp/opencode/worldtime/blog/de-schedule-online-classes-time-zones|/tmp/opencode/worldtime/blog/de-schedule-online-classes-time-zones.html
uk/blog/index.html	/blog/de-utc-everything-guide	/tmp/opencode/worldtime/blog/de-utc-everything-guide/index.html|/tmp/opencode/worldtime/blog/de-utc-everything-guide|/tmp/opencode/worldtime/blog/de-utc-everything-guide.html
uk/blog/index.html	/blog/de-world-clock-desk-setup	/tmp/opencode/worldtime/blog/de-world-clock-desk-setup/index.html|/tmp/opencode/worldtime/blog/de-world-clock-desk-setup|/tmp/opencode/worldtime/blog/de-world-clock-desk-setup.html
uk/blog/index.html	/blog/es-best-meeting-times-remote-teams	/tmp/opencode/worldtime/blog/es-best-meeting-times-remote-teams/index.html|/tmp/opencode/worldtime/blog/es-best-meeting-times-remote-teams|/tmp/opencode/worldtime/blog/es-best-meeting-times-remote-teams.html
uk/blog/index.html	/blog/es-daylight-saving-2026-prep	/tmp/opencode/worldtime/blog/es-daylight-saving-2026-prep/index.html|/tmp/opencode/worldtime/blog/es-daylight-saving-2026-prep|/tmp/opencode/worldtime/blog/es-daylight-saving-2026-prep.html
uk/blog/index.html	/blog/es-schedule-online-classes-time-zones	/tmp/opencode/worldtime/blog/es-schedule-online-classes-time-zones/index.html|/tmp/opencode/worldtime/blog/es-schedule-online-classes-time-zones|/tmp/opencode/worldtime/blog/es-schedule-online-classes-time-zones.html
uk/blog/index.html	/blog/es-utc-everything-guide	/tmp/opencode/worldtime/blog/es-utc-everything-guide/index.html|/tmp/opencode/worldtime/blog/es-utc-everything-guide|/tmp/opencode/worldtime/blog/es-utc-everything-guide.html
uk/blog/index.html	/blog/es-world-clock-desk-setup	/tmp/opencode/worldtime/blog/es-world-clock-desk-setup/index.html|/tmp/opencode/worldtime/blog/es-world-clock-desk-setup|/tmp/opencode/worldtime/blog/es-world-clock-desk-setup.html
uk/blog/index.html	/blog/fr-best-meeting-times-remote-teams	/tmp/opencode/worldtime/blog/fr-best-meeting-times-remote-teams/index.html|/tmp/opencode/worldtime/blog/fr-best-meeting-times-remote-teams|/tmp/opencode/worldtime/blog/fr-best-meeting-times-remote-teams.html
uk/blog/index.html	/blog/fr-daylight-saving-2026-prep	/tmp/opencode/worldtime/blog/fr-daylight-saving-2026-prep/index.html|/tmp/opencode/worldtime/blog/fr-daylight-saving-2026-prep|/tmp/opencode/worldtime/blog/fr-daylight-saving-2026-prep.html
uk/blog/index.html	/blog/fr-schedule-online-classes-time-zones	/tmp/opencode/worldtime/blog/fr-schedule-online-classes-time-zones/index.html|/tmp/opencode/worldtime/blog/fr-schedule-online-classes-time-zones|/tmp/opencode/worldtime/blog/fr-schedule-online-classes-time-zones.html
uk/blog/index.html	/blog/fr-utc-everything-guide	/tmp/opencode/worldtime/blog/fr-utc-everything-guide/index.html|/tmp/opencode/worldtime/blog/fr-utc-everything-guide|/tmp/opencode/worldtime/blog/fr-utc-everything-guide.html
uk/blog/index.html	/blog/fr-world-clock-desk-setup	/tmp/opencode/worldtime/blog/fr-world-clock-desk-setup/index.html|/tmp/opencode/worldtime/blog/fr-world-clock-desk-setup|/tmp/opencode/worldtime/blog/fr-world-clock-desk-setup.html
uk/blog/index.html	/blog/it-best-meeting-times-remote-teams	/tmp/opencode/worldtime/blog/it-best-meeting-times-remote-teams/index.html|/tmp/opencode/worldtime/blog/it-best-meeting-times-remote-teams|/tmp/opencode/worldtime/blog/it-best-meeting-times-remote-teams.html
uk/blog/index.html	/blog/it-daylight-saving-2026-prep	/tmp/opencode/worldtime/blog/it-daylight-saving-2026-prep/index.html|/tmp/opencode/worldtime/blog/it-daylight-saving-2026-prep|/tmp/opencode/worldtime/blog/it-daylight-saving-2026-prep.html
uk/blog/index.html	/blog/it-schedule-online-classes-time-zones	/tmp/opencode/worldtime/blog/it-schedule-online-classes-time-zones/index.html|/tmp/opencode/worldtime/blog/it-schedule-online-classes-time-zones|/tmp/opencode/worldtime/blog/it-schedule-online-classes-time-zones.html
uk/blog/index.html	/blog/it-utc-everything-guide	/tmp/opencode/worldtime/blog/it-utc-everything-guide/index.html|/tmp/opencode/worldtime/blog/it-utc-everything-guide|/tmp/opencode/worldtime/blog/it-utc-everything-guide.html
uk/blog/index.html	/blog/it-world-clock-desk-setup	/tmp/opencode/worldtime/blog/it-world-clock-desk-setup/index.html|/tmp/opencode/worldtime/blog/it-world-clock-desk-setup|/tmp/opencode/worldtime/blog/it-world-clock-desk-setup.html
uk/blog/index.html	/blog/ja-best-meeting-times-remote-teams	/tmp/opencode/worldtime/blog/ja-best-meeting-times-remote-teams/index.html|/tmp/opencode/worldtime/blog/ja-best-meeting-times-remote-teams|/tmp/opencode/worldtime/blog/ja-best-meeting-times-remote-teams.html
uk/blog/index.html	/blog/ja-daylight-saving-2026-prep	/tmp/opencode/worldtime/blog/ja-daylight-saving-2026-prep/index.html|/tmp/opencode/worldtime/blog/ja-daylight-saving-2026-prep|/tmp/opencode/worldtime/blog/ja-daylight-saving-2026-prep.html
uk/blog/index.html	/blog/ja-schedule-online-classes-time-zones	/tmp/opencode/worldtime/blog/ja-schedule-online-classes-time-zones/index.html|/tmp/opencode/worldtime/blog/ja-schedule-online-classes-time-zones|/tmp/opencode/worldtime/blog/ja-schedule-online-classes-time-zones.html
uk/blog/index.html	/blog/ja-utc-everything-guide	/tmp/opencode/worldtime/blog/ja-utc-everything-guide/index.html|/tmp/opencode/worldtime/blog/ja-utc-everything-guide|/tmp/opencode/worldtime/blog/ja-utc-everything-guide.html
uk/blog/index.html	/blog/ja-world-clock-desk-setup	/tmp/opencode/worldtime/blog/ja-world-clock-desk-setup/index.html|/tmp/opencode/worldtime/blog/ja-world-clock-desk-setup|/tmp/opencode/worldtime/blog/ja-world-clock-desk-setup.html
uk/blog/index.html	/blog/ru-best-meeting-times-remote-teams	/tmp/opencode/worldtime/blog/ru-best-meeting-times-remote-teams/index.html|/tmp/opencode/worldtime/blog/ru-best-meeting-times-remote-teams|/tmp/opencode/worldtime/blog/ru-best-meeting-times-remote-teams.html
uk/blog/index.html	/blog/ru-daylight-saving-2026-prep	/tmp/opencode/worldtime/blog/ru-daylight-saving-2026-prep/index.html|/tmp/opencode/worldtime/blog/ru-daylight-saving-2026-prep|/tmp/opencode/worldtime/blog/ru-daylight-saving-2026-prep.html
uk/blog/index.html	/blog/ru-schedule-online-classes-time-zones	/tmp/opencode/worldtime/blog/ru-schedule-online-classes-time-zones/index.html|/tmp/opencode/worldtime/blog/ru-schedule-online-classes-time-zones|/tmp/opencode/worldtime/blog/ru-schedule-online-classes-time-zones.html
uk/blog/index.html	/blog/ru-utc-everything-guide	/tmp/opencode/worldtime/blog/ru-utc-everything-guide/index.html|/tmp/opencode/worldtime/blog/ru-utc-everything-guide|/tmp/opencode/worldtime/blog/ru-utc-everything-guide.html
uk/blog/index.html	/blog/ru-world-clock-desk-setup	/tmp/opencode/worldtime/blog/ru-world-clock-desk-setup/index.html|/tmp/opencode/worldtime/blog/ru-world-clock-desk-setup|/tmp/opencode/worldtime/blog/ru-world-clock-desk-setup.html
uk/blog/index.html	/blog/uk-best-meeting-times-remote-teams	/tmp/opencode/worldtime/blog/uk-best-meeting-times-remote-teams/index.html|/tmp/opencode/worldtime/blog/uk-best-meeting-times-remote-teams|/tmp/opencode/worldtime/blog/uk-best-meeting-times-remote-teams.html
uk/blog/index.html	/blog/uk-daylight-saving-2026-prep	/tmp/opencode/worldtime/blog/uk-daylight-saving-2026-prep/index.html|/tmp/opencode/worldtime/blog/uk-daylight-saving-2026-prep|/tmp/opencode/worldtime/blog/uk-daylight-saving-2026-prep.html
uk/blog/index.html	/blog/uk-schedule-online-classes-time-zones	/tmp/opencode/worldtime/blog/uk-schedule-online-classes-time-zones/index.html|/tmp/opencode/worldtime/blog/uk-schedule-online-classes-time-zones|/tmp/opencode/worldtime/blog/uk-schedule-online-classes-time-zones.html
uk/blog/index.html	/blog/uk-utc-everything-guide	/tmp/opencode/worldtime/blog/uk-utc-everything-guide/index.html|/tmp/opencode/worldtime/blog/uk-utc-everything-guide|/tmp/opencode/worldtime/blog/uk-utc-everything-guide.html
uk/blog/index.html	/blog/uk-world-clock-desk-setup	/tmp/opencode/worldtime/blog/uk-world-clock-desk-setup/index.html|/tmp/opencode/worldtime/blog/uk-world-clock-desk-setup|/tmp/opencode/worldtime/blog/uk-world-clock-desk-setup.html
uk/blog/index.html	/blog/zh-best-meeting-times-remote-teams	/tmp/opencode/worldtime/blog/zh-best-meeting-times-remote-teams/index.html|/tmp/opencode/worldtime/blog/zh-best-meeting-times-remote-teams|/tmp/opencode/worldtime/blog/zh-best-meeting-times-remote-teams.html
uk/blog/index.html	/blog/zh-daylight-saving-2026-prep	/tmp/opencode/worldtime/blog/zh-daylight-saving-2026-prep/index.html|/tmp/opencode/worldtime/blog/zh-daylight-saving-2026-prep|/tmp/opencode/worldtime/blog/zh-daylight-saving-2026-prep.html
uk/blog/index.html	/blog/zh-schedule-online-classes-time-zones	/tmp/opencode/worldtime/blog/zh-schedule-online-classes-time-zones/index.html|/tmp/opencode/worldtime/blog/zh-schedule-online-classes-time-zones|/tmp/opencode/worldtime/blog/zh-schedule-online-classes-time-zones.html
uk/blog/index.html	/blog/zh-utc-everything-guide	/tmp/opencode/worldtime/blog/zh-utc-everything-guide/index.html|/tmp/opencode/worldtime/blog/zh-utc-everything-guide|/tmp/opencode/worldtime/blog/zh-utc-everything-guide.html
uk/blog/index.html	/blog/zh-world-clock-desk-setup	/tmp/opencode/worldtime/blog/zh-world-clock-desk-setup/index.html|/tmp/opencode/worldtime/blog/zh-world-clock-desk-setup|/tmp/opencode/worldtime/blog/zh-world-clock-desk-setup.html
uk/blog/index.html	/blog/zz_scratch_manual	/tmp/opencode/worldtime/blog/zz_scratch_manual/index.html|/tmp/opencode/worldtime/blog/zz_scratch_manual|/tmp/opencode/worldtime/blog/zz_scratch_manual.html
uk/blog/index.html	/blog/zz_scratch_script	/tmp/opencode/worldtime/blog/zz_scratch_script/index.html|/tmp/opencode/worldtime/blog/zz_scratch_script|/tmp/opencode/worldtime/blog/zz_scratch_script.html
uk/blog/index.html	/uk/how-it-works	/tmp/opencode/worldtime/uk/how-it-works/index.html|/tmp/opencode/worldtime/uk/how-it-works|/tmp/opencode/worldtime/uk/how-it-works.html
uk/contact.html	/	/index.html|/tmp/opencode/worldtime|/tmp/opencode/worldtime/.html
uk/index.html	/	/index.html|/tmp/opencode/worldtime|/tmp/opencode/worldtime/.html
uk/index.html	/time/abbottabad	/tmp/opencode/worldtime/time/abbottabad/index.html|/tmp/opencode/worldtime/time/abbottabad|/tmp/opencode/worldtime/time/abbottabad.html
uk/index.html	/time/abudhabi	/tmp/opencode/worldtime/time/abudhabi/index.html|/tmp/opencode/worldtime/time/abudhabi|/tmp/opencode/worldtime/time/abudhabi.html
uk/index.html	/time/antalya	/tmp/opencode/worldtime/time/antalya/index.html|/tmp/opencode/worldtime/time/antalya|/tmp/opencode/worldtime/time/antalya.html
uk/index.html	/time/attock	/tmp/opencode/worldtime/time/attock/index.html|/tmp/opencode/worldtime/time/attock|/tmp/opencode/worldtime/time/attock.html
uk/index.html	/time/bahawalpur	/tmp/opencode/worldtime/time/bahawalpur/index.html|/tmp/opencode/worldtime/time/bahawalpur|/tmp/opencode/worldtime/time/bahawalpur.html
uk/index.html	/time/bahrain	/tmp/opencode/worldtime/time/bahrain/index.html|/tmp/opencode/worldtime/time/bahrain|/tmp/opencode/worldtime/time/bahrain.html
uk/index.html	/time/bannu	/tmp/opencode/worldtime/time/bannu/index.html|/tmp/opencode/worldtime/time/bannu|/tmp/opencode/worldtime/time/bannu.html
uk/index.html	/time/bhaktapur	/tmp/opencode/worldtime/time/bhaktapur/index.html|/tmp/opencode/worldtime/time/bhaktapur|/tmp/opencode/worldtime/time/bhaktapur.html
uk/index.html	/time/bharatpur	/tmp/opencode/worldtime/time/bharatpur/index.html|/tmp/opencode/worldtime/time/bharatpur|/tmp/opencode/worldtime/time/bharatpur.html
uk/index.html	/time/biratnagar	/tmp/opencode/worldtime/time/biratnagar/index.html|/tmp/opencode/worldtime/time/biratnagar|/tmp/opencode/worldtime/time/biratnagar.html
uk/index.html	/time/birgunj	/tmp/opencode/worldtime/time/birgunj/index.html|/tmp/opencode/worldtime/time/birgunj|/tmp/opencode/worldtime/time/birgunj.html
uk/index.html	/time/butwal	/tmp/opencode/worldtime/time/butwal/index.html|/tmp/opencode/worldtime/time/butwal|/tmp/opencode/worldtime/time/butwal.html
uk/index.html	/time/chiang-ray	/tmp/opencode/worldtime/time/chiang-ray/index.html|/tmp/opencode/worldtime/time/chiang-ray|/tmp/opencode/worldtime/time/chiang-ray.html
uk/index.html	/time/colombo	/tmp/opencode/worldtime/time/colombo/index.html|/tmp/opencode/worldtime/time/colombo|/tmp/opencode/worldtime/time/colombo.html
uk/index.html	/time/damascus	/tmp/opencode/worldtime/time/damascus/index.html|/tmp/opencode/worldtime/time/damascus|/tmp/opencode/worldtime/time/damascus.html
uk/index.html	/time/dera-ghazi-khan	/tmp/opencode/worldtime/time/dera-ghazi-khan/index.html|/tmp/opencode/worldtime/time/dera-ghazi-khan|/tmp/opencode/worldtime/time/dera-ghazi-khan.html
uk/index.html	/time/dera-ismail-khan	/tmp/opencode/worldtime/time/dera-ismail-khan/index.html|/tmp/opencode/worldtime/time/dera-ismail-khan|/tmp/opencode/worldtime/time/dera-ismail-khan.html
uk/index.html	/time/dera-murad-jamali	/tmp/opencode/worldtime/time/dera-murad-jamali/index.html|/tmp/opencode/worldtime/time/dera-murad-jamali|/tmp/opencode/worldtime/time/dera-murad-jamali.html
uk/index.html	/time/dharan	/tmp/opencode/worldtime/time/dharan/index.html|/tmp/opencode/worldtime/time/dharan|/tmp/opencode/worldtime/time/dharan.html
uk/index.html	/time/dushanbe	/tmp/opencode/worldtime/time/dushanbe/index.html|/tmp/opencode/worldtime/time/dushanbe|/tmp/opencode/worldtime/time/dushanbe.html
uk/index.html	/time/fiji	/tmp/opencode/worldtime/time/fiji/index.html|/tmp/opencode/worldtime/time/fiji|/tmp/opencode/worldtime/time/fiji.html
uk/index.html	/time/galle	/tmp/opencode/worldtime/time/galle/index.html|/tmp/opencode/worldtime/time/galle|/tmp/opencode/worldtime/time/galle.html
uk/index.html	/time/guam	/tmp/opencode/worldtime/time/guam/index.html|/tmp/opencode/worldtime/time/guam|/tmp/opencode/worldtime/time/guam.html
uk/index.html	/time/gwadar	/tmp/opencode/worldtime/time/gwadar/index.html|/tmp/opencode/worldtime/time/gwadar|/tmp/opencode/worldtime/time/gwadar.html
uk/index.html	/time/hafizabad	/tmp/opencode/worldtime/time/hafizabad/index.html|/tmp/opencode/worldtime/time/hafizabad|/tmp/opencode/worldtime/time/hafizabad.html
uk/index.html	/time/haikou	/tmp/opencode/worldtime/time/haikou/index.html|/tmp/opencode/worldtime/time/haikou|/tmp/opencode/worldtime/time/haikou.html
uk/index.html	/time/hamamatsu	/tmp/opencode/worldtime/time/hamamatsu/index.html|/tmp/opencode/worldtime/time/hamamatsu|/tmp/opencode/worldtime/time/hamamatsu.html
uk/index.html	/time/hanoi	/tmp/opencode/worldtime/time/hanoi/index.html|/tmp/opencode/worldtime/time/hanoi|/tmp/opencode/worldtime/time/hanoi.html
uk/index.html	/time/hat-yai	/tmp/opencode/worldtime/time/hat-yai/index.html|/tmp/opencode/worldtime/time/hat-yai|/tmp/opencode/worldtime/time/hat-yai.html
uk/index.html	/time/hawaii	/tmp/opencode/worldtime/time/hawaii/index.html|/tmp/opencode/worldtime/time/hawaii|/tmp/opencode/worldtime/time/hawaii.html
uk/index.html	/time/hefei	/tmp/opencode/worldtime/time/hefei/index.html|/tmp/opencode/worldtime/time/hefei|/tmp/opencode/worldtime/time/hefei.html
uk/index.html	/time/hyderabad-pakistan	/tmp/opencode/worldtime/time/hyderabad-pakistan/index.html|/tmp/opencode/worldtime/time/hyderabad-pakistan|/tmp/opencode/worldtime/time/hyderabad-pakistan.html
uk/index.html	/time/jacobabad	/tmp/opencode/worldtime/time/jacobabad/index.html|/tmp/opencode/worldtime/time/jacobabad|/tmp/opencode/worldtime/time/jacobabad.html
uk/index.html	/time/jaffna	/tmp/opencode/worldtime/time/jaffna/index.html|/tmp/opencode/worldtime/time/jaffna|/tmp/opencode/worldtime/time/jaffna.html
uk/index.html	/time/janakpur	/tmp/opencode/worldtime/time/janakpur/index.html|/tmp/opencode/worldtime/time/janakpur|/tmp/opencode/worldtime/time/janakpur.html
uk/index.html	/time/jerusalem	/tmp/opencode/worldtime/time/jerusalem/index.html|/tmp/opencode/worldtime/time/jerusalem|/tmp/opencode/worldtime/time/jerusalem.html
uk/index.html	/time/jhang	/tmp/opencode/worldtime/time/jhang/index.html|/tmp/opencode/worldtime/time/jhang|/tmp/opencode/worldtime/time/jhang.html
uk/index.html	/time/kabul	/tmp/opencode/worldtime/time/kabul/index.html|/tmp/opencode/worldtime/time/kabul|/tmp/opencode/worldtime/time/kabul.html
uk/index.html	/time/kagoshima	/tmp/opencode/worldtime/time/kagoshima/index.html|/tmp/opencode/worldtime/time/kagoshima|/tmp/opencode/worldtime/time/kagoshima.html
uk/index.html	/time/kasur	/tmp/opencode/worldtime/time/kasur/index.html|/tmp/opencode/worldtime/time/kasur|/tmp/opencode/worldtime/time/kasur.html
uk/index.html	/time/kathmandu	/tmp/opencode/worldtime/time/kathmandu/index.html|/tmp/opencode/worldtime/time/kathmandu|/tmp/opencode/worldtime/time/kathmandu.html
uk/index.html	/time/kharan	/tmp/opencode/worldtime/time/kharan/index.html|/tmp/opencode/worldtime/time/kharan|/tmp/opencode/worldtime/time/kharan.html
uk/index.html	/time/khon-kaen	/tmp/opencode/worldtime/time/khon-kaen/index.html|/tmp/opencode/worldtime/time/khon-kaen|/tmp/opencode/worldtime/time/khon-kaen.html
uk/index.html	/time/kohat	/tmp/opencode/worldtime/time/kohat/index.html|/tmp/opencode/worldtime/time/kohat|/tmp/opencode/worldtime/time/kohat.html
uk/index.html	/time/kohlu	/tmp/opencode/worldtime/time/kohlu/index.html|/tmp/opencode/worldtime/time/kohlu|/tmp/opencode/worldtime/time/kohlu.html
uk/index.html	/time/kumamoto	/tmp/opencode/worldtime/time/kumamoto/index.html|/tmp/opencode/worldtime/time/kumamoto|/tmp/opencode/worldtime/time/kumamoto.html
uk/index.html	/time/lalitpur	/tmp/opencode/worldtime/time/lalitpur/index.html|/tmp/opencode/worldtime/time/lalitpur|/tmp/opencode/worldtime/time/lalitpur.html
uk/index.html	/time/lanzhou	/tmp/opencode/worldtime/time/lanzhou/index.html|/tmp/opencode/worldtime/time/lanzhou|/tmp/opencode/worldtime/time/lanzhou.html
uk/index.html	/time/larkana	/tmp/opencode/worldtime/time/larkana/index.html|/tmp/opencode/worldtime/time/larkana|/tmp/opencode/worldtime/time/larkana.html
uk/index.html	/time/male	/tmp/opencode/worldtime/time/male/index.html|/tmp/opencode/worldtime/time/male|/tmp/opencode/worldtime/time/male.html
uk/index.html	/time/mandi-bahauddin	/tmp/opencode/worldtime/time/mandi-bahauddin/index.html|/tmp/opencode/worldtime/time/mandi-bahauddin|/tmp/opencode/worldtime/time/mandi-bahauddin.html
uk/index.html	/time/mansehra	/tmp/opencode/worldtime/time/mansehra/index.html|/tmp/opencode/worldtime/time/mansehra|/tmp/opencode/worldtime/time/mansehra.html
uk/index.html	/time/mardan	/tmp/opencode/worldtime/time/mardan/index.html|/tmp/opencode/worldtime/time/mardan|/tmp/opencode/worldtime/time/mardan.html
uk/index.html	/time/mirpur-khas	/tmp/opencode/worldtime/time/mirpur-khas/index.html|/tmp/opencode/worldtime/time/mirpur-khas|/tmp/opencode/worldtime/time/mirpur-khas.html
uk/index.html	/time/nakhon-ratchasima	/tmp/opencode/worldtime/time/nakhon-ratchasima/index.html|/tmp/opencode/worldtime/time/nakhon-ratchasima|/tmp/opencode/worldtime/time/nakhon-ratchasima.html
uk/index.html	/time/nanchang	/tmp/opencode/worldtime/time/nanchang/index.html|/tmp/opencode/worldtime/time/nanchang|/tmp/opencode/worldtime/time/nanchang.html
uk/index.html	/time/nanjing	/tmp/opencode/worldtime/time/nanjing/index.html|/tmp/opencode/worldtime/time/nanjing|/tmp/opencode/worldtime/time/nanjing.html
uk/index.html	/time/nanning	/tmp/opencode/worldtime/time/nanning/index.html|/tmp/opencode/worldtime/time/nanning|/tmp/opencode/worldtime/time/nanning.html
uk/index.html	/time/nasirabad	/tmp/opencode/worldtime/time/nasirabad/index.html|/tmp/opencode/worldtime/time/nasirabad|/tmp/opencode/worldtime/time/nasirabad.html
uk/index.html	/time/nawabshah	/tmp/opencode/worldtime/time/nawabshah/index.html|/tmp/opencode/worldtime/time/nawabshah|/tmp/opencode/worldtime/time/nawabshah.html
uk/index.html	/time/naypyidaw	/tmp/opencode/worldtime/time/naypyidaw/index.html|/tmp/opencode/worldtime/time/naypyidaw|/tmp/opencode/worldtime/time/naypyidaw.html
uk/index.html	/time/niigata	/tmp/opencode/worldtime/time/niigata/index.html|/tmp/opencode/worldtime/time/niigata|/tmp/opencode/worldtime/time/niigata.html
uk/index.html	/time/ningbo	/tmp/opencode/worldtime/time/ningbo/index.html|/tmp/opencode/worldtime/time/ningbo|/tmp/opencode/worldtime/time/ningbo.html
uk/index.html	/time/nowshera	/tmp/opencode/worldtime/time/nowshera/index.html|/tmp/opencode/worldtime/time/nowshera|/tmp/opencode/worldtime/time/nowshera.html
uk/index.html	/time/okara	/tmp/opencode/worldtime/time/okara/index.html|/tmp/opencode/worldtime/time/okara|/tmp/opencode/worldtime/time/okara.html
uk/index.html	/time/okayama	/tmp/opencode/worldtime/time/okayama/index.html|/tmp/opencode/worldtime/time/okayama|/tmp/opencode/worldtime/time/okayama.html
uk/index.html	/time/palau	/tmp/opencode/worldtime/time/palau/index.html|/tmp/opencode/worldtime/time/palau|/tmp/opencode/worldtime/time/palau.html
uk/index.html	/time/pyongyang	/tmp/opencode/worldtime/time/pyongyang/index.html|/tmp/opencode/worldtime/time/pyongyang|/tmp/opencode/worldtime/time/pyongyang.html
uk/index.html	/time/rajshahi	/tmp/opencode/worldtime/time/rajshahi/index.html|/tmp/opencode/worldtime/time/rajshahi|/tmp/opencode/worldtime/time/rajshahi.html
uk/index.html	/time/sahiwal	/tmp/opencode/worldtime/time/sahiwal/index.html|/tmp/opencode/worldtime/time/sahiwal|/tmp/opencode/worldtime/time/sahiwal.html
uk/index.html	/time/saitama	/tmp/opencode/worldtime/time/saitama/index.html|/tmp/opencode/worldtime/time/saitama|/tmp/opencode/worldtime/time/saitama.html
uk/index.html	/time/sakai	/tmp/opencode/worldtime/time/sakai/index.html|/tmp/opencode/worldtime/time/sakai|/tmp/opencode/worldtime/time/sakai.html
uk/index.html	/time/sao-paulo	/tmp/opencode/worldtime/time/sao-paulo/index.html|/tmp/opencode/worldtime/time/sao-paulo|/tmp/opencode/worldtime/time/sao-paulo.html
uk/index.html	/time/sargodha	/tmp/opencode/worldtime/time/sargodha/index.html|/tmp/opencode/worldtime/time/sargodha|/tmp/opencode/worldtime/time/sargodha.html
uk/index.html	/time/sheikhupura	/tmp/opencode/worldtime/time/sheikhupura/index.html|/tmp/opencode/worldtime/time/sheikhupura|/tmp/opencode/worldtime/time/sheikhupura.html
uk/index.html	/time/shikarpur	/tmp/opencode/worldtime/time/shikarpur/index.html|/tmp/opencode/worldtime/time/shikarpur|/tmp/opencode/worldtime/time/shikarpur.html
uk/index.html	/time/sialkot	/tmp/opencode/worldtime/time/sialkot/index.html|/tmp/opencode/worldtime/time/sialkot|/tmp/opencode/worldtime/time/sialkot.html
uk/index.html	/time/sibi	/tmp/opencode/worldtime/time/sibi/index.html|/tmp/opencode/worldtime/time/sibi|/tmp/opencode/worldtime/time/sibi.html
uk/index.html	/time/simara	/tmp/opencode/worldtime/time/simara/index.html|/tmp/opencode/worldtime/time/simara|/tmp/opencode/worldtime/time/simara.html
uk/index.html	/time/songkhla	/tmp/opencode/worldtime/time/songkhla/index.html|/tmp/opencode/worldtime/time/songkhla|/tmp/opencode/worldtime/time/songkhla.html
uk/index.html	/time/sukkur	/tmp/opencode/worldtime/time/sukkur/index.html|/tmp/opencode/worldtime/time/sukkur|/tmp/opencode/worldtime/time/sukkur.html
uk/index.html	/time/surat-thani	/tmp/opencode/worldtime/time/surat-thani/index.html|/tmp/opencode/worldtime/time/surat-thani|/tmp/opencode/worldtime/time/surat-thani.html
uk/index.html	/time/swat	/tmp/opencode/worldtime/time/swat/index.html|/tmp/opencode/worldtime/time/swat|/tmp/opencode/worldtime/time/swat.html
uk/index.html	/time/tel-aviv	/tmp/opencode/worldtime/time/tel-aviv/index.html|/tmp/opencode/worldtime/time/tel-aviv|/tmp/opencode/worldtime/time/tel-aviv.html
uk/index.html	/time/turbat	/tmp/opencode/worldtime/time/turbat/index.html|/tmp/opencode/worldtime/time/turbat|/tmp/opencode/worldtime/time/turbat.html
uk/index.html	/time/udon-thani	/tmp/opencode/worldtime/time/udon-thani/index.html|/tmp/opencode/worldtime/time/udon-thani|/tmp/opencode/worldtime/time/udon-thani.html
uk/index.html	/time/vehari	/tmp/opencode/worldtime/time/vehari/index.html|/tmp/opencode/worldtime/time/vehari|/tmp/opencode/worldtime/time/vehari.html
uk/index.html	/time/wulumuqi	/tmp/opencode/worldtime/time/wulumuqi/index.html|/tmp/opencode/worldtime/time/wulumuqi|/tmp/opencode/worldtime/time/wulumuqi.html
uk/index.html	/time/wuxi	/tmp/opencode/worldtime/time/wuxi/index.html|/tmp/opencode/worldtime/time/wuxi|/tmp/opencode/worldtime/time/wuxi.html
uk/index.html	/time/xian	/tmp/opencode/worldtime/time/xian/index.html|/tmp/opencode/worldtime/time/xian|/tmp/opencode/worldtime/time/xian.html
uk/index.html	/time/yinchuan	/tmp/opencode/worldtime/time/yinchuan/index.html|/tmp/opencode/worldtime/time/yinchuan|/tmp/opencode/worldtime/time/yinchuan.html
uk/privacy.html	/	/index.html|/tmp/opencode/worldtime|/tmp/opencode/worldtime/.html
uk/terms.html	/	/index.html|/tmp/opencode/worldtime|/tmp/opencode/worldtime/.html
widget.html	/	/index.html|/tmp/opencode/worldtime|/tmp/opencode/worldtime/.html
widget.html	/time/	/tmp/opencode/worldtime/time/index.html|/tmp/opencode/worldtime/time|/tmp/opencode/worldtime/time/.html
wordpress.html	/	/index.html|/tmp/opencode/worldtime|/tmp/opencode/worldtime/.html
wordpress.html	/time/	/tmp/opencode/worldtime/time/index.html|/tmp/opencode/worldtime/time|/tmp/opencode/worldtime/time/.html
world-clock.html	/	/index.html|/tmp/opencode/worldtime|/tmp/opencode/worldtime/.html
world-clock.html	/country/'+c.slug+'	/tmp/opencode/worldtime/country/'+c.slug+'/index.html|/tmp/opencode/worldtime/country/'+c.slug+'|/tmp/opencode/worldtime/country/'+c.slug+'.html
world-clock.html	/time-zones/'+t.slug+'	/tmp/opencode/worldtime/time-zones/'+t.slug+'/index.html|/tmp/opencode/worldtime/time-zones/'+t.slug+'|/tmp/opencode/worldtime/time-zones/'+t.slug+'.html
world-time-map.html	/	/index.html|/tmp/opencode/worldtime|/tmp/opencode/worldtime/.html
zh/blog/index.html	/	/index.html|/tmp/opencode/worldtime|/tmp/opencode/worldtime/.html
zh/blog/index.html	/blog/de-best-meeting-times-remote-teams	/tmp/opencode/worldtime/blog/de-best-meeting-times-remote-teams/index.html|/tmp/opencode/worldtime/blog/de-best-meeting-times-remote-teams|/tmp/opencode/worldtime/blog/de-best-meeting-times-remote-teams.html
zh/blog/index.html	/blog/de-daylight-saving-2026-prep	/tmp/opencode/worldtime/blog/de-daylight-saving-2026-prep/index.html|/tmp/opencode/worldtime/blog/de-daylight-saving-2026-prep|/tmp/opencode/worldtime/blog/de-daylight-saving-2026-prep.html
zh/blog/index.html	/blog/de-schedule-online-classes-time-zones	/tmp/opencode/worldtime/blog/de-schedule-online-classes-time-zones/index.html|/tmp/opencode/worldtime/blog/de-schedule-online-classes-time-zones|/tmp/opencode/worldtime/blog/de-schedule-online-classes-time-zones.html
zh/blog/index.html	/blog/de-utc-everything-guide	/tmp/opencode/worldtime/blog/de-utc-everything-guide/index.html|/tmp/opencode/worldtime/blog/de-utc-everything-guide|/tmp/opencode/worldtime/blog/de-utc-everything-guide.html
zh/blog/index.html	/blog/de-world-clock-desk-setup	/tmp/opencode/worldtime/blog/de-world-clock-desk-setup/index.html|/tmp/opencode/worldtime/blog/de-world-clock-desk-setup|/tmp/opencode/worldtime/blog/de-world-clock-desk-setup.html
zh/blog/index.html	/blog/es-best-meeting-times-remote-teams	/tmp/opencode/worldtime/blog/es-best-meeting-times-remote-teams/index.html|/tmp/opencode/worldtime/blog/es-best-meeting-times-remote-teams|/tmp/opencode/worldtime/blog/es-best-meeting-times-remote-teams.html
zh/blog/index.html	/blog/es-daylight-saving-2026-prep	/tmp/opencode/worldtime/blog/es-daylight-saving-2026-prep/index.html|/tmp/opencode/worldtime/blog/es-daylight-saving-2026-prep|/tmp/opencode/worldtime/blog/es-daylight-saving-2026-prep.html
zh/blog/index.html	/blog/es-schedule-online-classes-time-zones	/tmp/opencode/worldtime/blog/es-schedule-online-classes-time-zones/index.html|/tmp/opencode/worldtime/blog/es-schedule-online-classes-time-zones|/tmp/opencode/worldtime/blog/es-schedule-online-classes-time-zones.html
zh/blog/index.html	/blog/es-utc-everything-guide	/tmp/opencode/worldtime/blog/es-utc-everything-guide/index.html|/tmp/opencode/worldtime/blog/es-utc-everything-guide|/tmp/opencode/worldtime/blog/es-utc-everything-guide.html
zh/blog/index.html	/blog/es-world-clock-desk-setup	/tmp/opencode/worldtime/blog/es-world-clock-desk-setup/index.html|/tmp/opencode/worldtime/blog/es-world-clock-desk-setup|/tmp/opencode/worldtime/blog/es-world-clock-desk-setup.html
zh/blog/index.html	/blog/fr-best-meeting-times-remote-teams	/tmp/opencode/worldtime/blog/fr-best-meeting-times-remote-teams/index.html|/tmp/opencode/worldtime/blog/fr-best-meeting-times-remote-teams|/tmp/opencode/worldtime/blog/fr-best-meeting-times-remote-teams.html
zh/blog/index.html	/blog/fr-daylight-saving-2026-prep	/tmp/opencode/worldtime/blog/fr-daylight-saving-2026-prep/index.html|/tmp/opencode/worldtime/blog/fr-daylight-saving-2026-prep|/tmp/opencode/worldtime/blog/fr-daylight-saving-2026-prep.html
zh/blog/index.html	/blog/fr-schedule-online-classes-time-zones	/tmp/opencode/worldtime/blog/fr-schedule-online-classes-time-zones/index.html|/tmp/opencode/worldtime/blog/fr-schedule-online-classes-time-zones|/tmp/opencode/worldtime/blog/fr-schedule-online-classes-time-zones.html
zh/blog/index.html	/blog/fr-utc-everything-guide	/tmp/opencode/worldtime/blog/fr-utc-everything-guide/index.html|/tmp/opencode/worldtime/blog/fr-utc-everything-guide|/tmp/opencode/worldtime/blog/fr-utc-everything-guide.html
zh/blog/index.html	/blog/fr-world-clock-desk-setup	/tmp/opencode/worldtime/blog/fr-world-clock-desk-setup/index.html|/tmp/opencode/worldtime/blog/fr-world-clock-desk-setup|/tmp/opencode/worldtime/blog/fr-world-clock-desk-setup.html
zh/blog/index.html	/blog/it-best-meeting-times-remote-teams	/tmp/opencode/worldtime/blog/it-best-meeting-times-remote-teams/index.html|/tmp/opencode/worldtime/blog/it-best-meeting-times-remote-teams|/tmp/opencode/worldtime/blog/it-best-meeting-times-remote-teams.html
zh/blog/index.html	/blog/it-daylight-saving-2026-prep	/tmp/opencode/worldtime/blog/it-daylight-saving-2026-prep/index.html|/tmp/opencode/worldtime/blog/it-daylight-saving-2026-prep|/tmp/opencode/worldtime/blog/it-daylight-saving-2026-prep.html
zh/blog/index.html	/blog/it-schedule-online-classes-time-zones	/tmp/opencode/worldtime/blog/it-schedule-online-classes-time-zones/index.html|/tmp/opencode/worldtime/blog/it-schedule-online-classes-time-zones|/tmp/opencode/worldtime/blog/it-schedule-online-classes-time-zones.html
zh/blog/index.html	/blog/it-utc-everything-guide	/tmp/opencode/worldtime/blog/it-utc-everything-guide/index.html|/tmp/opencode/worldtime/blog/it-utc-everything-guide|/tmp/opencode/worldtime/blog/it-utc-everything-guide.html
zh/blog/index.html	/blog/it-world-clock-desk-setup	/tmp/opencode/worldtime/blog/it-world-clock-desk-setup/index.html|/tmp/opencode/worldtime/blog/it-world-clock-desk-setup|/tmp/opencode/worldtime/blog/it-world-clock-desk-setup.html
zh/blog/index.html	/blog/ja-best-meeting-times-remote-teams	/tmp/opencode/worldtime/blog/ja-best-meeting-times-remote-teams/index.html|/tmp/opencode/worldtime/blog/ja-best-meeting-times-remote-teams|/tmp/opencode/worldtime/blog/ja-best-meeting-times-remote-teams.html
zh/blog/index.html	/blog/ja-daylight-saving-2026-prep	/tmp/opencode/worldtime/blog/ja-daylight-saving-2026-prep/index.html|/tmp/opencode/worldtime/blog/ja-daylight-saving-2026-prep|/tmp/opencode/worldtime/blog/ja-daylight-saving-2026-prep.html
zh/blog/index.html	/blog/ja-schedule-online-classes-time-zones	/tmp/opencode/worldtime/blog/ja-schedule-online-classes-time-zones/index.html|/tmp/opencode/worldtime/blog/ja-schedule-online-classes-time-zones|/tmp/opencode/worldtime/blog/ja-schedule-online-classes-time-zones.html
zh/blog/index.html	/blog/ja-utc-everything-guide	/tmp/opencode/worldtime/blog/ja-utc-everything-guide/index.html|/tmp/opencode/worldtime/blog/ja-utc-everything-guide|/tmp/opencode/worldtime/blog/ja-utc-everything-guide.html
zh/blog/index.html	/blog/ja-world-clock-desk-setup	/tmp/opencode/worldtime/blog/ja-world-clock-desk-setup/index.html|/tmp/opencode/worldtime/blog/ja-world-clock-desk-setup|/tmp/opencode/worldtime/blog/ja-world-clock-desk-setup.html
zh/blog/index.html	/blog/ru-best-meeting-times-remote-teams	/tmp/opencode/worldtime/blog/ru-best-meeting-times-remote-teams/index.html|/tmp/opencode/worldtime/blog/ru-best-meeting-times-remote-teams|/tmp/opencode/worldtime/blog/ru-best-meeting-times-remote-teams.html
zh/blog/index.html	/blog/ru-daylight-saving-2026-prep	/tmp/opencode/worldtime/blog/ru-daylight-saving-2026-prep/index.html|/tmp/opencode/worldtime/blog/ru-daylight-saving-2026-prep|/tmp/opencode/worldtime/blog/ru-daylight-saving-2026-prep.html
zh/blog/index.html	/blog/ru-schedule-online-classes-time-zones	/tmp/opencode/worldtime/blog/ru-schedule-online-classes-time-zones/index.html|/tmp/opencode/worldtime/blog/ru-schedule-online-classes-time-zones|/tmp/opencode/worldtime/blog/ru-schedule-online-classes-time-zones.html
zh/blog/index.html	/blog/ru-utc-everything-guide	/tmp/opencode/worldtime/blog/ru-utc-everything-guide/index.html|/tmp/opencode/worldtime/blog/ru-utc-everything-guide|/tmp/opencode/worldtime/blog/ru-utc-everything-guide.html
zh/blog/index.html	/blog/ru-world-clock-desk-setup	/tmp/opencode/worldtime/blog/ru-world-clock-desk-setup/index.html|/tmp/opencode/worldtime/blog/ru-world-clock-desk-setup|/tmp/opencode/worldtime/blog/ru-world-clock-desk-setup.html
zh/blog/index.html	/blog/uk-best-meeting-times-remote-teams	/tmp/opencode/worldtime/blog/uk-best-meeting-times-remote-teams/index.html|/tmp/opencode/worldtime/blog/uk-best-meeting-times-remote-teams|/tmp/opencode/worldtime/blog/uk-best-meeting-times-remote-teams.html
zh/blog/index.html	/blog/uk-daylight-saving-2026-prep	/tmp/opencode/worldtime/blog/uk-daylight-saving-2026-prep/index.html|/tmp/opencode/worldtime/blog/uk-daylight-saving-2026-prep|/tmp/opencode/worldtime/blog/uk-daylight-saving-2026-prep.html
zh/blog/index.html	/blog/uk-schedule-online-classes-time-zones	/tmp/opencode/worldtime/blog/uk-schedule-online-classes-time-zones/index.html|/tmp/opencode/worldtime/blog/uk-schedule-online-classes-time-zones|/tmp/opencode/worldtime/blog/uk-schedule-online-classes-time-zones.html
zh/blog/index.html	/blog/uk-utc-everything-guide	/tmp/opencode/worldtime/blog/uk-utc-everything-guide/index.html|/tmp/opencode/worldtime/blog/uk-utc-everything-guide|/tmp/opencode/worldtime/blog/uk-utc-everything-guide.html
zh/blog/index.html	/blog/uk-world-clock-desk-setup	/tmp/opencode/worldtime/blog/uk-world-clock-desk-setup/index.html|/tmp/opencode/worldtime/blog/uk-world-clock-desk-setup|/tmp/opencode/worldtime/blog/uk-world-clock-desk-setup.html
zh/blog/index.html	/blog/zh-best-meeting-times-remote-teams	/tmp/opencode/worldtime/blog/zh-best-meeting-times-remote-teams/index.html|/tmp/opencode/worldtime/blog/zh-best-meeting-times-remote-teams|/tmp/opencode/worldtime/blog/zh-best-meeting-times-remote-teams.html
zh/blog/index.html	/blog/zh-daylight-saving-2026-prep	/tmp/opencode/worldtime/blog/zh-daylight-saving-2026-prep/index.html|/tmp/opencode/worldtime/blog/zh-daylight-saving-2026-prep|/tmp/opencode/worldtime/blog/zh-daylight-saving-2026-prep.html
zh/blog/index.html	/blog/zh-schedule-online-classes-time-zones	/tmp/opencode/worldtime/blog/zh-schedule-online-classes-time-zones/index.html|/tmp/opencode/worldtime/blog/zh-schedule-online-classes-time-zones|/tmp/opencode/worldtime/blog/zh-schedule-online-classes-time-zones.html
zh/blog/index.html	/blog/zh-utc-everything-guide	/tmp/opencode/worldtime/blog/zh-utc-everything-guide/index.html|/tmp/opencode/worldtime/blog/zh-utc-everything-guide|/tmp/opencode/worldtime/blog/zh-utc-everything-guide.html
zh/blog/index.html	/blog/zh-world-clock-desk-setup	/tmp/opencode/worldtime/blog/zh-world-clock-desk-setup/index.html|/tmp/opencode/worldtime/blog/zh-world-clock-desk-setup|/tmp/opencode/worldtime/blog/zh-world-clock-desk-setup.html
zh/blog/index.html	/blog/zz_scratch_manual	/tmp/opencode/worldtime/blog/zz_scratch_manual/index.html|/tmp/opencode/worldtime/blog/zz_scratch_manual|/tmp/opencode/worldtime/blog/zz_scratch_manual.html
zh/blog/index.html	/blog/zz_scratch_script	/tmp/opencode/worldtime/blog/zz_scratch_script/index.html|/tmp/opencode/worldtime/blog/zz_scratch_script|/tmp/opencode/worldtime/blog/zz_scratch_script.html
zh/blog/index.html	/zh/how-it-works	/tmp/opencode/worldtime/zh/how-it-works/index.html|/tmp/opencode/worldtime/zh/how-it-works|/tmp/opencode/worldtime/zh/how-it-works.html
zh/index.html	/	/index.html|/tmp/opencode/worldtime|/tmp/opencode/worldtime/.html
zh/index.html	/zh/dst-2026-worldwide	/tmp/opencode/worldtime/zh/dst-2026-worldwide/index.html|/tmp/opencode/worldtime/zh/dst-2026-worldwide|/tmp/opencode/worldtime/zh/dst-2026-worldwide.html
zh/index.html	/zh/remote-team-solutions	/tmp/opencode/worldtime/zh/remote-team-solutions/index.html|/tmp/opencode/worldtime/zh/remote-team-solutions|/tmp/opencode/worldtime/zh/remote-team-solutions.html
zh/index.html	/zh/time/	/tmp/opencode/worldtime/zh/time/index.html|/tmp/opencode/worldtime/zh/time|/tmp/opencode/worldtime/zh/time/.html
zh/index.html	/zh/time/sao-paulo	/tmp/opencode/worldtime/zh/time/sao-paulo/index.html|/tmp/opencode/worldtime/zh/time/sao-paulo|/tmp/opencode/worldtime/zh/time/sao-paulo.html
